phage_seq,checkv_name,input_vs2,length.checkv,checkv_trimmed,checkv.contigs,checkv_split,iso_name,dsDNAphage,NCLDV,ssDNA,lavidaviridae,max_score,max_score_group,length,hallmark,viral,cellular,source,prediction,vib.fragments,phage_filt,size.check,rd
GCA_000242815.2_21||0_partial_1,GCA_000242815.2_21||0_partial_1,GCA_000242815.2_21||0_partial,40111,trimmed_by_checkv,1,no,GCA_000242815,0.92,0.187,0,0.007,0.92,dsDNAphage,91722,10,31,17.2,NCBI,virus,1,phage_pass,ok,rd1
GCA_000632025.1_1||0_partial_1,GCA_000632025.1_1||0_partial_1,GCA_000632025.1_1||0_partial,38995,trimmed_by_checkv,1,no,GCA_000632025,0.9,0.287,0,0.02,0.9,dsDNAphage,61355,18,37.3,20.5,NCBI,virus,1,phage_pass,ok,rd1
GCA_000632025.1_8||0_partial_1,GCA_000632025.1_8||0_partial_1,GCA_000632025.1_8||0_partial,16012,trimmed_by_checkv,1,no,GCA_000632025,0.913,0.7,0,0.06,0.913,dsDNAphage,36483,3,24.4,12.2,NCBI,virus,1,phage_pass,ok,rd1
GCA_000783415.1_104||0_partial_1,GCA_000783415.1_104||0_partial_1,GCA_000783415.1_104||0_partial,25741,trimmed_by_checkv,1,no,GCA_000783415,0.873,0.093,0,0.033,0.873,dsDNAphage,29067,7,26.8,19.5,NCBI,virus,1,phage_pass,ok,rd2
GCA_000783415.1_78||full_1,GCA_000783415.1_78||full_1,GCA_000783415.1_78||full,34421,trimmed_by_checkv,1,no,GCA_000783415,0.86,0.493,0,0,0.86,dsDNAphage,95874,11,36.2,21.3,NCBI,virus,1,phage_pass,ok,rd2
GCA_000783415.1_93||0_partial_1,GCA_000783415.1_93||0_partial_1,GCA_000783415.1_93||0_partial,41447,trimmed_by_checkv,1,no,GCA_000783415,0.9,0.493,0.013,0.093,0.9,dsDNAphage,107152,13,31.1,32.1,NCBI,virus,1,phage_pass,ok,rd1
GCA_001678745.2_1||0_partial_1,GCA_001678745.2_1||0_partial_1,GCA_001678745.2_1||0_partial,80025,trimmed_by_checkv,1,no,GCA_001678745,0.907,0.067,0,0.007,0.907,dsDNAphage,185701,28,32.1,33,NCBI,virus,1,phage_pass,ok,rd1
GCA_001678745.2_1||1_partial_1,GCA_001678745.2_1||1_partial_1,GCA_001678745.2_1||1_partial,32750,trimmed_by_checkv,1,no,GCA_001678745,0.913,0.08,0,0,0.913,dsDNAphage,87529,10,32.7,22.1,NCBI,virus,1,phage_pass,ok,rd1
GCA_001678745.2_1||2_partial_1,GCA_001678745.2_1||2_partial_1,GCA_001678745.2_1||2_partial,38038,trimmed_by_checkv,1,no,GCA_001678745,0.9,0.453,0.007,0.007,0.9,dsDNAphage,90789,9,31.2,25.7,NCBI,virus,1,phage_pass,ok,rd1
GCA_001678745.2_1||3_partial_1,GCA_001678745.2_1||3_partial_1,GCA_001678745.2_1||3_partial,32026,trimmed_by_checkv,1,no,GCA_001678745,0.927,0.047,0,0,0.927,dsDNAphage,58922,18,40.8,19.7,NCBI,virus,1,phage_pass,ok,rd1
GCA_001678745.2_1||4_partial_1,GCA_001678745.2_1||4_partial_1,GCA_001678745.2_1||4_partial,35590,trimmed_by_checkv,1,no,GCA_001678745,0.907,0.033,0,0.013,0.907,dsDNAphage,56619,7,24.2,25.8,NCBI,virus,2,phage_pass,ok,rd1
GCA_001678745.2_14||full_1,GCA_001678745.2_14||full_1,GCA_001678745.2_14||full,35204,trimmed_by_checkv,1,no,GCA_001678745,0.967,0.073,0,0.007,0.967,dsDNAphage,69818,14,39.8,15.7,NCBI,virus,1,phage_pass,ok,rd1
GCA_001758635.1_64||0_partial,GCA_001758635.1_64||0_partial,GCA_001758635.1_64||0_partial,30007,same_as_vs2,1,no,GCA_001758635,0.913,0.567,0,0,0.913,dsDNAphage,30007,4,17.1,22,NCBI,vibrant_not_run_or_didn't_like_it,NA,phage_pass,ok,rd1
GCA_001854915.1_12||0_partial_1,GCA_001854915.1_12||0_partial_1,GCA_001854915.1_12||0_partial,29128,trimmed_by_checkv,1,no,GCA_001854915,0.913,0.087,0,0.013,0.913,dsDNAphage,74691,18,35.7,17.3,NCBI,virus,1,phage_pass,ok,rd1
GCA_001854915.1_6||0_partial_1,GCA_001854915.1_6||0_partial_1,GCA_001854915.1_6||0_partial,39455,trimmed_by_checkv,1,no,GCA_001854915,0.947,0.107,0,0.007,0.947,dsDNAphage,63334,10,28.3,27.2,NCBI,virus,1,phage_pass,ok,rd1
GCA_001854915.1_9||0_partial_1,GCA_001854915.1_9||0_partial_1,GCA_001854915.1_9||0_partial,68009,trimmed_by_checkv,1,no,GCA_001854915,0.907,0.153,0,0.013,0.907,dsDNAphage,115326,12,34.5,21.4,NCBI,virus,1,phage_pass,ok,rd1
GCA_001854915.1_9||1_partial_1,GCA_001854915.1_9||1_partial_1,GCA_001854915.1_9||1_partial,42870,trimmed_by_checkv,1,no,GCA_001854915,0.9,0.153,0,0,0.9,dsDNAphage,75042,8,39.8,14.8,NCBI,virus,1,phage_pass,ok,rd1
GCA_006152155.1_1||0_partial_1,GCA_006152155.1_1||0_partial_1,GCA_006152155.1_1||0_partial,68516,trimmed_by_checkv,1,no,GCA_006152155,0.947,0.307,0,0.007,0.947,dsDNAphage,82919,9,36.8,14.5,NCBI,virus,1,phage_pass,ok,rd1
GCA_006152155.1_1||1_partial_1,GCA_006152155.1_1||1_partial_1,GCA_006152155.1_1||1_partial,17778,trimmed_by_checkv,1,no,GCA_006152155,0.887,0.3,0,0.04,0.887,dsDNAphage,36904,4,25.6,15.4,NCBI,virus,1,phage_pass,ok,rd2
GCA_006152155.1_12||0_partial_1,GCA_006152155.1_12||0_partial_1,GCA_006152155.1_12||0_partial,33543,trimmed_by_checkv,1,no,GCA_006152155,0.913,0.08,0,0.013,0.913,dsDNAphage,69519,18,37.6,22.4,NCBI,virus,1,phage_pass,ok,rd1
GCA_008757015.1_1||0_partial_1,GCA_008757015.1_1||0_partial_1,GCA_008757015.1_1||0_partial,41866,trimmed_by_checkv,1,no,GCA_008757015,0.913,0.093,0.007,0.187,0.913,dsDNAphage,68346,9,31.8,28.4,NCBI,virus,1,phage_pass,ok,rd1
GCA_011601275.1_33||0_partial_1,GCA_011601275.1_33||0_partial_1,GCA_011601275.1_33||0_partial,18577,trimmed_by_checkv,1,no,GCA_011601275,0.853,0.247,0,0.033,0.853,dsDNAphage,44132,3,30.2,25.6,NCBI,virus,1,phage_pass,ok,rd2
GCA_011601275.1_44||0_partial_1,GCA_011601275.1_44||0_partial_1,GCA_011601275.1_44||0_partial,39088,trimmed_by_checkv,1,no,GCA_011601275,0.92,0.1,0,0.007,0.92,dsDNAphage,65637,18,37.1,24.7,NCBI,virus,1,phage_pass,ok,rd1
GCA_011601275.1_9||0_partial_1,GCA_011601275.1_9||0_partial_1,GCA_011601275.1_9||0_partial,64276,trimmed_by_checkv,1,no,GCA_011601275,0.96,0.24,0,0.02,0.96,dsDNAphage,78853,11,40.9,14.5,NCBI,virus,1,phage_pass,ok,rd1
GCA_013372045.1_1||0_partial_1,GCA_013372045.1_1||0_partial_1,GCA_013372045.1_1||0_partial,45311,trimmed_by_checkv,1,no,GCA_013372045,0.96,0.207,0,0.027,0.96,dsDNAphage,59817,9,36.6,12.2,NCBI,virus,1,phage_pass,ok,rd1
GCA_013372045.1_1||1_partial_1,GCA_013372045.1_1||1_partial_1,GCA_013372045.1_1||1_partial,20019,trimmed_by_checkv,1,no,GCA_013372045,0.88,0.7,0,0.08,0.88,dsDNAphage,42696,3,20,22.2,NCBI,virus,1,phage_pass,ok,rd2
GCA_013372045.1_1||2_partial,GCA_013372045.1_1||2_partial,GCA_013372045.1_1||2_partial,31227,same_as_vs2,1,no,GCA_013372045,0.9,0.073,0,0,0.9,dsDNAphage,31227,4,15.6,35.6,NCBI,vibrant_not_run_or_didn't_like_it,NA,phage_pass,ok,rd1
GCA_013372065.1_1||0_partial_1,GCA_013372065.1_1||0_partial_1,GCA_013372065.1_1||0_partial,65207,trimmed_by_checkv,1,no,GCA_013372065,0.9,0.087,0,0.007,0.9,dsDNAphage,157593,13,26.9,23.4,NCBI,virus,1,phage_pass,ok,rd1
GCA_013372065.1_1||1_partial_1,GCA_013372065.1_1||1_partial_1,GCA_013372065.1_1||1_partial,57151,trimmed_by_checkv,1,no,GCA_013372065,0.947,0.187,0,0.027,0.947,dsDNAphage,76790,9,38.7,15.1,NCBI,virus,1,phage_pass,ok,rd1
GCA_013372065.1_1||2_partial_1,GCA_013372065.1_1||2_partial_1,GCA_013372065.1_1||2_partial,37888,trimmed_by_checkv,1,no,GCA_013372065,0.9,0.113,0,0.007,0.9,dsDNAphage,75511,18,35.2,26.4,NCBI,virus,1,phage_pass,ok,rd1
GCA_013372065.1_1||3_partial_1,GCA_013372065.1_1||3_partial_1,GCA_013372065.1_1||3_partial,49020,trimmed_by_checkv,1,no,GCA_013372065,0.9,0.153,0,0,0.9,dsDNAphage,61963,18,39.3,22.6,NCBI,virus,1,phage_pass,ok,rd1
GCA_013372065.1_1||4_partial_1,GCA_013372065.1_1||4_partial_1,GCA_013372065.1_1||4_partial,20032,trimmed_by_checkv,1,no,GCA_013372065,0.893,0.62,0,0.04,0.893,dsDNAphage,40572,3,23.7,15.8,NCBI,virus,1,phage_pass,ok,rd2
GCA_017356645.1_1||0_partial_1,GCA_017356645.1_1||0_partial_1,GCA_017356645.1_1||0_partial,42764,trimmed_by_checkv,1,no,GCA_017356645,0.94,0.1,0,0.007,0.94,dsDNAphage,62117,9,32.6,29.1,NCBI,virus,1,phage_pass,ok,rd1
GCA_018138675.1_12||0_partial_1,GCA_018138675.1_12||0_partial_1,GCA_018138675.1_12||0_partial,33760,trimmed_by_checkv,1,no,GCA_018138675,0.907,0.047,0,0.013,0.907,dsDNAphage,57204,18,35.9,25.6,NCBI,virus,1,phage_pass,ok,rd1
GCA_018138675.1_17||0_partial_1,GCA_018138675.1_17||0_partial_1,GCA_018138675.1_17||0_partial,16351,trimmed_by_checkv,1,no,GCA_018138675,0.853,0.327,0,0.013,0.853,dsDNAphage,39408,4,30.4,23.2,NCBI,virus,1,phage_pass,ok,rd2
GCA_018138675.1_17||1_partial_1,GCA_018138675.1_17||1_partial_1,GCA_018138675.1_17||1_partial,19590,trimmed_by_checkv,1,no,GCA_018138675,0.88,0.1,0,0.007,0.88,dsDNAphage,48590,3,19.6,28.3,NCBI,virus,1,phage_pass,ok,rd2
GCA_020208155.1_11||0_partial_1,GCA_020208155.1_11||0_partial_1,GCA_020208155.1_11||0_partial,33043,trimmed_by_checkv,1,no,GCA_020208155,0.933,0.107,0,0,0.933,dsDNAphage,56439,10,34.2,24.7,NCBI,virus,1,phage_pass,ok,rd1
GCA_020208155.1_11||1_partial_1,GCA_020208155.1_11||1_partial_1,GCA_020208155.1_11||1_partial,24085,trimmed_by_checkv,1,no,GCA_020208155,0.913,0.087,0,0.053,0.913,dsDNAphage,37485,9,25.5,21.3,NCBI,virus,1,phage_pass,ok,rd1
GCA_020208155.1_42||0_partial_1,GCA_020208155.1_42||0_partial_1,GCA_020208155.1_42||0_partial,30509,trimmed_by_checkv,1,no,GCA_020208155,0.92,0.093,0,0.013,0.92,dsDNAphage,61655,18,35.9,23.9,NCBI,virus,1,phage_pass,ok,rd1
GCA_020858175.1_35||0_partial_1,GCA_020858175.1_35||0_partial_1,GCA_020858175.1_35||0_partial,10725,trimmed_by_checkv,1,no,GCA_020858175,0.92,0.087,0,0.007,0.92,dsDNAphage,23316,4,20.9,27.9,NCBI,virus,1,phage_pass,ok,rd1
GCA_023509035.1_1||0_partial_1,GCA_023509035.1_1||0_partial_1,GCA_023509035.1_1||0_partial,84884,trimmed_by_checkv,1,no,GCA_023509035,0.9,0.087,0,0.013,0.9,dsDNAphage,133018,12,33.1,14.6,NCBI,virus,1,phage_pass,ok,rd1
GCA_023509035.1_1||1_partial_1,GCA_023509035.1_1||1_partial_1,GCA_023509035.1_1||1_partial,40592,trimmed_by_checkv,1,no,GCA_023509035,0.933,0.113,0,0.013,0.933,dsDNAphage,64322,16,35.6,33.3,NCBI,virus,1,phage_pass,ok,rd1
GCA_023509035.1_1||2_partial,GCA_023509035.1_1||2_partial,GCA_023509035.1_1||2_partial,13636,same_as_vs2,1,no,GCA_023509035,0.96,0.173,0.007,0.007,0.96,dsDNAphage,13636,1,10.5,21.1,NCBI,virus,1,phage_pass,ok,rd1
GCA_023512775.1_1471||full,GCA_023512775.1_1471||full,GCA_023512775.1_1471||full,7000,same_as_vs2,1,no,GCA_023512775,0.993,0.46,0.293,0.553,0.993,dsDNAphage,7000,2,71.4,0,NCBI,virus,1,phage_pass,ok,rd1
GCA_023512775.1_1625||full,GCA_023512775.1_1625||full,GCA_023512775.1_1625||full,5961,same_as_vs2,1,no,GCA_023512775,0.973,0.06,0.053,0.16,0.973,dsDNAphage,5961,2,57.1,14.3,NCBI,virus,1,phage_pass,ok,rd1
GCA_900119665.1_10||0_partial_1,GCA_900119665.1_10||0_partial_1,GCA_900119665.1_10||0_partial,20197,trimmed_by_checkv,1,no,GCA_900119665,0.86,0.087,0,0.007,0.86,dsDNAphage,42719,4,28.9,28.9,NCBI,virus,1,phage_pass,ok,rd2
GCA_900451145.1_2||0_partial_1,GCA_900451145.1_2||0_partial_1,GCA_900451145.1_2||0_partial,12900,trimmed_by_checkv,1,no,GCA_900451145,0.9,0.067,0,0,0.9,dsDNAphage,33205,4,21.6,27.5,NCBI,virus,1,phage_pass,ok,rd1
GCA_900451145.1_2||1_partial,GCA_900451145.1_2||1_partial,GCA_900451145.1_2||1_partial,30648,same_as_vs2,1,no,GCA_900451145,0.9,0.007,0,0.007,0.9,dsDNAphage,30648,4,16.3,34.9,NCBI,vibrant_not_run_or_didn't_like_it,NA,phage_pass,ok,rd1
GCA_900451225.1_1||0_partial_1,GCA_900451225.1_1||0_partial_1,GCA_900451225.1_1||0_partial,14198,trimmed_by_checkv,1,no,GCA_900451225,0.887,0.22,0,0.007,0.887,dsDNAphage,45740,6,25.9,22.2,NCBI,virus,1,phage_pass,ok,rd2
GCA_900451225.1_4||0_partial_1,GCA_900451225.1_4||0_partial_1,GCA_900451225.1_4||0_partial,29537,trimmed_by_checkv,1,no,GCA_900451225,0.927,0.127,0,0.02,0.927,dsDNAphage,64642,17,35.6,25.6,NCBI,virus,1,phage_pass,ok,rd1
GCA_945864765.1_1||full,GCA_945864765.1_1||full,GCA_945864765.1_1||full,33155,same_as_vs2,1,no,GCA_945864765,0.707,0.013,0,0,0.707,dsDNAphage,33155,2,17.4,21.7,NCBI,virus,1,phage_pass,ok,rd2
GCA_945864765.1_362||full,GCA_945864765.1_362||full,GCA_945864765.1_362||full,5387,same_as_vs2,1,no,GCA_945864765,0.94,0.313,0.907,0.653,0.94,dsDNAphage,5387,0,100,0,NCBI,vibrant_not_run_or_didn't_like_it,NA,phage_pass,ok,rd1
JWS03_119||0_partial,JWS03_119||0_partial,JWS03_119||0_partial,20431,same_as_vs2,1,no,JWS03,0.84,0.013,0,0,0.84,dsDNAphage,20431,1,26.2,28.6,amphibian,virus,1,phage_pass,ok,rd2
JWS03_21||0_partial,JWS03_21||0_partial,JWS03_21||0_partial,12636,same_as_vs2,1,no,JWS03,0.927,0.04,0,0.013,0.927,dsDNAphage,12636,1,9.1,30.3,amphibian,vibrant_not_run_or_didn't_like_it,NA,phage_pass,ok,rd1
JWS03_26||full_1,JWS03_26||full_1,JWS03_26||full,16902,trimmed_by_checkv,1,no,JWS03,0.867,0.073,0,0,0.867,dsDNAphage,54796,11,30.6,29.2,amphibian,virus,1,phage_pass,ok,rd2
JWS03_37||full_1,JWS03_37||full_1,JWS03_37||full,14355,trimmed_by_checkv,1,no,JWS03,0.84,0.16,0,0,0.84,dsDNAphage,36430,4,25,32.5,amphibian,virus,1,phage_pass,ok,rd2
JWS03_4||0_partial_1,JWS03_4||0_partial_1,JWS03_4||0_partial,56682,trimmed_by_checkv,1,no,JWS03,0.913,0.007,0.007,0,0.913,dsDNAphage,130293,9,32.1,21.6,amphibian,virus,1,phage_pass,ok,rd1
JWS03_4||1_partial_1,JWS03_4||1_partial_1,JWS03_4||1_partial,9283,trimmed_by_checkv,1,no,JWS03,0.927,0.02,0,0.02,0.927,dsDNAphage,23172,1,31.7,19.5,amphibian,virus,1,phage_pass,ok,rd1
JWS03_71||full,JWS03_71||full,JWS03_71||full,26680,same_as_vs2,1,no,JWS03,0.993,0.247,0,0.007,0.993,dsDNAphage,26680,4,45.2,4.8,amphibian,virus,1,phage_pass,ok,rd1
JWS03_72||full_1,JWS03_72||full_1,JWS03_72||full,22474,trimmed_by_checkv,1,no,JWS03,0.953,0.193,0,0.027,0.953,dsDNAphage,30983,11,41.9,14,amphibian,virus,1,phage_pass,ok,rd1
JWS03_85||full,JWS03_85||full,JWS03_85||full,34571,same_as_vs2,1,no,JWS03,0.993,0.16,0.06,0.007,0.993,dsDNAphage,34571,12,69.2,1.9,amphibian,virus,1,phage_pass,ok,rd1
JWS04_1||0_partial_1,JWS04_1||0_partial_1,JWS04_1||0_partial,47391,trimmed_by_checkv,1,no,JWS04,0.9,0.113,0,0,0.9,dsDNAphage,122845,13,35,24.5,amphibian,virus,1,phage_pass,ok,rd1
JWS04_1||1_partial_1,JWS04_1||1_partial_1,JWS04_1||1_partial,60028,trimmed_by_checkv,1,no,JWS04,0.947,0.127,0,0.007,0.947,dsDNAphage,88473,15,37.7,19.2,amphibian,virus,1,phage_pass,ok,rd1
JWS04_2||0_partial_1,JWS04_2||0_partial_1,JWS04_2||0_partial,54058,trimmed_by_checkv,1,no,JWS04,0.907,0.12,0,0,0.907,dsDNAphage,87077,19,36.6,27.7,amphibian,virus,2,phage_pass,ok,rd1
JWS05_1||0_partial_1,JWS05_1||0_partial_1,JWS05_1||0_partial,75319,trimmed_by_checkv,1,no,JWS05,0.98,0.08,0,0,0.98,dsDNAphage,82062,16,36.8,7.5,amphibian,virus,1,phage_pass,ok,rd1
JWS05_1||1_partial_1,JWS05_1||1_partial_1,JWS05_1||1_partial,39997,trimmed_by_checkv,1,no,JWS05,0.907,0.093,0,0.007,0.907,dsDNAphage,58627,10,35.9,21.8,amphibian,virus,1,phage_pass,ok,rd1
JWS05_1||2_partial_1,JWS05_1||2_partial_1,JWS05_1||2_partial,14945,trimmed_by_checkv,1,no,JWS05,0.947,0.067,0,0,0.947,dsDNAphage,43246,6,28,26.7,amphibian,virus,1,phage_pass,ok,rd1
JWS05_1||3_partial_1,JWS05_1||3_partial_1,JWS05_1||3_partial,13423,trimmed_by_checkv,1,no,JWS05,0.893,0.033,0,0,0.893,dsDNAphage,48897,6,31.8,34.8,amphibian,virus,1,phage_pass,ok,rd2
JWS05_1||4_partial_1,JWS05_1||4_partial_1,JWS05_1||4_partial,17165,trimmed_by_checkv,1,no,JWS05,0.887,0.067,0,0,0.887,dsDNAphage,42768,8,26.8,30.4,amphibian,virus,1,phage_pass,ok,rd2
JWS05_5||0_partial,JWS05_5||0_partial,JWS05_5||0_partial,17007,same_as_vs2,1,no,JWS05,0.967,0.06,0,0.033,0.967,dsDNAphage,17007,1,26.1,4.3,amphibian,virus,1,phage_pass,ok,rd1
JWS06_2||0_partial,JWS06_2||0_partial,JWS06_2||0_partial,31233,same_as_vs2,1,no,JWS06,0.9,0.027,0,0.007,0.9,dsDNAphage,31233,4,15.6,35.6,amphibian,vibrant_not_run_or_didn't_like_it,NA,phage_pass,ok,rd1
JWS06_2||1_partial_1,JWS06_2||1_partial_1,JWS06_2||1_partial,15311,trimmed_by_checkv,1,no,JWS06,0.893,0.12,0,0.053,0.893,dsDNAphage,39828,3,27.9,25.6,amphibian,virus,1,phage_pass,ok,rd2
JWS07_1||0_partial_1,JWS07_1||0_partial_1,JWS07_1||0_partial,42640,trimmed_by_checkv,1,no,JWS07,0.933,0.14,0,0.007,0.933,dsDNAphage,94510,11,30.3,21,amphibian,virus,1,phage_pass,ok,rd1
JWS11_1||0_partial_1,JWS11_1||0_partial_1,JWS11_1||0_partial,15058,trimmed_by_checkv,1,no,JWS11,0.9,0.007,0,0,0.9,dsDNAphage,19257,1,15,32.5,amphibian,vibrant_not_run_or_didn't_like_it,NA,phage_pass,ok,rd1
JWS11_8||0_partial_1,JWS11_8||0_partial_1,JWS11_8||0_partial,28540,trimmed_by_checkv,1,no,JWS11,0.933,0.027,0,0.02,0.933,dsDNAphage,81252,17,35.2,20.9,amphibian,virus,1,phage_pass,ok,rd1
JWS12_2||0_partial_1,JWS12_2||0_partial_1,JWS12_2||0_partial,55803,trimmed_by_checkv,1,no,JWS12,0.953,0.013,0,0,0.953,dsDNAphage,137723,17,34.3,33.7,amphibian,virus,1,phage_pass,ok,rd1
JWS12_2||1_partial_1,JWS12_2||1_partial_1,JWS12_2||1_partial,31858,trimmed_by_checkv,1,no,JWS12,0.907,0.02,0,0,0.907,dsDNAphage,111123,18,30.9,31.7,amphibian,virus,1,phage_pass,ok,rd1
JWS12_3||0_partial_1,JWS12_3||0_partial_1,JWS12_3||0_partial,95699,trimmed_by_checkv,1,no,JWS12,0.993,0.033,0,0.007,0.993,dsDNAphage,114215,30,52.7,14.4,amphibian,virus,2,phage_pass,ok,rd1
JWS12_9||0_partial_1,JWS12_9||0_partial_1,JWS12_9||0_partial,20466,trimmed_by_checkv,1,no,JWS12,0.92,0.013,0,0.007,0.92,dsDNAphage,125803,16,24.8,35.5,amphibian,virus,1,phage_pass,ok,rd1
JWS13_35||0_partial_1,JWS13_35||0_partial_1,JWS13_35||0_partial,8981,trimmed_by_checkv,1,no,JWS13,0.847,0.027,0,0.013,0.847,dsDNAphage,12496,4,30,15,amphibian,virus,1,phage_pass,ok,rd2
JWS13_45||full_1,JWS13_45||full_1,JWS13_45||full,17208,trimmed_by_checkv,1,no,JWS13,0.887,0.087,0,0.073,0.887,dsDNAphage,33253,6,26.1,23.9,amphibian,virus,1,phage_pass,ok,rd2
JWS13_58||full,JWS13_58||full,JWS13_58||full,28368,same_as_vs2,1,no,JWS13,0.98,0.233,0.013,0.053,0.98,dsDNAphage,28368,17,48.8,14.6,amphibian,virus,1,phage_pass,ok,rd1
JWS14_11||0_partial,JWS14_11||0_partial,JWS14_11||0_partial,24272,same_as_vs2,1,no,JWS14,0.987,0.06,0.047,0.073,0.987,dsDNAphage,24272,17,68.8,15.6,amphibian,virus,1,phage_pass,ok,rd1
JWS14_17||0_partial,JWS14_17||0_partial,JWS14_17||0_partial,12311,same_as_vs2,1,no,JWS14,0.967,0.027,0.007,0.013,0.967,dsDNAphage,12311,1,27.8,11.1,amphibian,virus,1,phage_pass,ok,rd1
JWS14_4||0_partial_1,JWS14_4||0_partial_1,JWS14_4||0_partial,43003,trimmed_by_checkv,1,no,JWS14,0.953,0.187,0,0.013,0.953,dsDNAphage,54943,9,33.3,12,amphibian,virus,1,phage_pass,ok,rd1
JWS14_44||full,JWS14_44||full,JWS14_44||full,10037,same_as_vs2,1,no,JWS14,0.993,0.14,0.06,0.053,0.993,dsDNAphage,10037,5,40.9,4.5,amphibian,vibrant_not_run_or_didn't_like_it,NA,phage_pass,ok,rd1
JWS15_1||full,JWS15_1||full,JWS15_1||full,69533,same_as_vs2,1,no,JWS15,0.967,0.06,0.027,0.027,0.967,dsDNAphage,69533,8,26.1,2.7,amphibian,virus,1,phage_pass,ok,rd1
JWS15_2||0_partial_1,JWS15_2||0_partial_1,JWS15_2||0_partial,19414,trimmed_by_checkv,1,no,JWS15,0.933,0.193,0,0.027,0.933,dsDNAphage,20259,5,21.4,4.8,amphibian,virus,1,phage_pass,ok,rd1
LB_S02_1||0_partial_1,LB_S02_1||0_partial_1,LB_S02_1||0_partial,12329,trimmed_by_checkv,1,no,LBS02,0.92,0.053,0.007,0,0.92,dsDNAphage,43496,6,29.5,31.1,amphibian,virus,1,phage_pass,ok,rd1
LB_S02_10||0_partial_1,LB_S02_10||0_partial_1,LB_S02_10||0_partial,29152,trimmed_by_checkv,1,no,LBS02,0.953,0.093,0,0.007,0.953,dsDNAphage,48017,10,42.6,22.1,amphibian,virus,1,phage_pass,ok,rd1
LB_S02_15||full_1,LB_S02_15||full_1,LB_S02_15||full,66608,trimmed_by_checkv,1,no,LBS02,0.947,0.053,0,0,0.947,dsDNAphage,94196,16,30.2,10.1,amphibian,virus,1,phage_pass,ok,rd1
LB_S02_3||0_partial_1,LB_S02_3||0_partial_1,LB_S02_3||0_partial,14945,trimmed_by_checkv,1,no,LBS02,0.947,0.067,0,0,0.947,dsDNAphage,43246,6,28,26.7,amphibian,virus,1,phage_pass,ok,rd1
LB_S02_4||0_partial_1,LB_S02_4||0_partial_1,LB_S02_4||0_partial,19313,trimmed_by_checkv,1,no,LBS02,0.92,0.06,0,0,0.92,dsDNAphage,31452,8,28,34,amphibian,vibrant_not_run_or_didn't_like_it,NA,phage_pass,ok,rd1
LB_S02_89||full,LB_S02_89||full,LB_S02_89||full,5242,same_as_vs2,1,no,LBS02,0.953,0.4,0.46,0.613,0.953,dsDNAphage,5242,1,66.7,0,amphibian,vibrant_not_run_or_didn't_like_it,NA,phage_pass,ok,rd1
LB_S04_1||0_partial_1,LB_S04_1||0_partial_1,LB_S04_1||0_partial,18381,trimmed_by_checkv,1,no,LBS04,0.913,0.087,0,0,0.913,dsDNAphage,30286,8,27.7,36.2,amphibian,virus,1,phage_pass,ok,rd1
LB_S04_5||0_partial_1,LB_S04_5||0_partial_1,LB_S04_5||0_partial,32023,trimmed_by_checkv,1,no,LBS04,0.96,0.033,0,0,0.96,dsDNAphage,67940,13,23.6,17.9,amphibian,virus,1,phage_pass,ok,rd1
LB_S04_5||1_partial,LB_S04_5||1_partial,LB_S04_5||1_partial,22217,same_as_vs2,1,no,LBS04,0.927,0.013,0,0,0.927,dsDNAphage,22217,1,10.6,12.8,amphibian,virus,1,phage_pass,ok,rd1
LB_S04_9||0_partial_1,LB_S04_9||0_partial_1,LB_S04_9||0_partial,37937,trimmed_by_checkv,1,no,LBS04,0.9,0.127,0,0.027,0.9,dsDNAphage,55954,10,30.8,15.4,amphibian,virus,1,phage_pass,ok,rd1
LB_S05_36||full,LB_S05_36||full,LB_S05_36||full,39374,same_as_vs2,1,no,LBS05,1,0.087,0.007,0.04,1,dsDNAphage,39374,14,61.4,4.5,amphibian,virus,1,phage_pass,ok,rd1
LB_S10_1||0_partial_1,LB_S10_1||0_partial_1,LB_S10_1||0_partial,37880,trimmed_by_checkv,1,no,LBS10,0.92,0.253,0,0.287,0.92,dsDNAphage,69860,2,24.4,18.6,amphibian,virus,1,phage_pass,ok,rd1
LB_S11_12||0_partial_1,LB_S11_12||0_partial_1,LB_S11_12||0_partial,46412,trimmed_by_checkv,1,no,LBS11,0.9,0.233,0,0.267,0.9,dsDNAphage,66106,2,23,14.9,amphibian,virus,1,phage_pass,ok,rd1
LB_S12_13||full_1,LB_S12_13||full_1,LB_S12_13||full,32247,trimmed_by_checkv,1,no,LBS12,0.973,0.007,0,0,0.973,dsDNAphage,72329,15,42.7,26.8,amphibian,virus,1,phage_pass,ok,rd1
LB_S12_14||0_partial_1,LB_S12_14||0_partial_1,LB_S12_14||0_partial,41161,trimmed_by_checkv,1,no,LBS12,0.947,0.027,0,0,0.947,dsDNAphage,97617,12,31.9,31,amphibian,virus,1,phage_pass,ok,rd1
LB_S13_25||0_partial,LB_S13_25||0_partial,LB_S13_25||0_partial,26623,same_as_vs2,1,no,LBS13,1,0.147,0.007,0,1,dsDNAphage,26623,1,53.3,4.4,amphibian,virus,1,phage_pass,ok,rd1
LB_S13_26||0_partial,LB_S13_26||0_partial,LB_S13_26||0_partial,34550,same_as_vs2,1,no,LBS13,0.907,0.053,0,0,0.907,dsDNAphage,34550,1,15.7,29.4,amphibian,vibrant_not_run_or_didn't_like_it,NA,phage_pass,ok,rd1
LB_S13_32||full,LB_S13_32||full,LB_S13_32||full,23038,same_as_vs2,1,no,LBS13,0.993,0.26,0.067,0.147,0.993,dsDNAphage,23038,12,70,0,amphibian,virus,1,phage_pass,ok,rd1
LB_S13_4||0_partial_1,LB_S13_4||0_partial_1,LB_S13_4||0_partial,22901,trimmed_by_checkv,1,no,LBS13,0.993,0.14,0.013,0.007,0.993,dsDNAphage,34155,14,59.5,18.9,amphibian,virus,1,phage_pass,ok,rd1
LB_S13_48||full,LB_S13_48||full,LB_S13_48||full,26812,same_as_vs2,1,no,LBS13,0.987,0.167,0.027,0,0.987,dsDNAphage,26812,16,75.7,5.4,amphibian,virus,1,phage_pass,ok,rd1
LB_S13_5||0_partial_1,LB_S13_5||0_partial_1,LB_S13_5||0_partial,25823,trimmed_by_checkv,1,no,LBS13,0.987,0.047,0.013,0,0.987,dsDNAphage,33088,12,60,14.3,amphibian,virus,1,phage_pass,ok,rd1
LB_S14_19||0_partial_1,LB_S14_19||0_partial_1,LB_S14_19||0_partial,24617,trimmed_by_checkv,1,no,LBS14,0.927,0.007,0,0,0.927,dsDNAphage,70617,10,26.2,42.9,amphibian,virus,1,phage_pass,ok,rd1
LB_S14_19||1_partial_1,LB_S14_19||1_partial_1,LB_S14_19||1_partial,15523,trimmed_by_checkv,1,no,LBS14,0.92,0.02,0,0,0.92,dsDNAphage,39577,5,38.6,22.7,amphibian,virus,1,phage_pass,ok,rd1
LB_S14_25||full_1,LB_S14_25||full_1,LB_S14_25||full,51310,trimmed_by_checkv,1,no,LBS14,0.947,0.02,0,0,0.947,dsDNAphage,99855,18,46.7,24.6,amphibian,virus,1,phage_pass,ok,rd1
LB_S14_3||full,LB_S14_3||full,LB_S14_3||full,7579,same_as_vs2,1,no,LBS14,1,0.8,0.86,0.68,1,dsDNAphage,7579,4,58.3,0,amphibian,virus,1,phage_pass,ok,rd1
LB_S14_4||0_partial_1,LB_S14_4||0_partial_1,LB_S14_4||0_partial,38157,trimmed_by_checkv,1,no,LBS14,0.907,0.033,0,0,0.907,dsDNAphage,81910,17,31.8,29,amphibian,virus,1,phage_pass,ok,rd1
LB_S15_17||full_1,LB_S15_17||full_1,LB_S15_17||full,51310,trimmed_by_checkv,1,no,LBS15,0.947,0.02,0,0,0.947,dsDNAphage,99855,18,46.7,24.6,amphibian,virus,1,phage_pass,ok,rd1
LB_S15_23||full,LB_S15_23||full,LB_S15_23||full,7579,same_as_vs2,1,no,LBS15,1,0.8,0.86,0.68,1,dsDNAphage,7579,4,58.3,0,amphibian,virus,1,phage_pass,ok,rd1
LB_S15_4||0_partial_1,LB_S15_4||0_partial_1,LB_S15_4||0_partial,24617,trimmed_by_checkv,1,no,LBS15,0.927,0.007,0,0,0.927,dsDNAphage,70617,10,26.2,42.9,amphibian,virus,1,phage_pass,ok,rd1
LB_S15_4||1_partial_1,LB_S15_4||1_partial_1,LB_S15_4||1_partial,15523,trimmed_by_checkv,1,no,LBS15,0.92,0.02,0,0,0.92,dsDNAphage,39577,5,38.6,22.7,amphibian,virus,1,phage_pass,ok,rd1
LB_S15_6||0_partial_1,LB_S15_6||0_partial_1,LB_S15_6||0_partial,39387,trimmed_by_checkv,1,no,LBS15,0.94,0.033,0,0,0.94,dsDNAphage,89793,16,31.6,28.9,amphibian,virus,1,phage_pass,ok,rd1
LB_S16_13||0_partial_1,LB_S16_13||0_partial_1,LB_S16_13||0_partial,24617,trimmed_by_checkv,1,no,LBS16,0.927,0.007,0,0,0.927,dsDNAphage,70617,10,26.2,42.9,amphibian,virus,1,phage_pass,ok,rd1
LB_S16_13||1_partial_1,LB_S16_13||1_partial_1,LB_S16_13||1_partial,15523,trimmed_by_checkv,1,no,LBS16,0.92,0.02,0,0,0.92,dsDNAphage,39577,5,38.6,22.7,amphibian,virus,1,phage_pass,ok,rd1
LB_S16_18||full,LB_S16_18||full,LB_S16_18||full,7579,same_as_vs2,1,no,LBS16,1,0.8,0.86,0.68,1,dsDNAphage,7579,4,58.3,0,amphibian,virus,1,phage_pass,ok,rd1
LB_S16_26||0_partial_1,LB_S16_26||0_partial_1,LB_S16_26||0_partial,39387,trimmed_by_checkv,1,no,LBS16,0.94,0.033,0,0,0.94,dsDNAphage,89793,16,31.6,28.9,amphibian,virus,1,phage_pass,ok,rd1
LB_S16_44||full_1,LB_S16_44||full_1,LB_S16_44||full,52153,trimmed_by_checkv,1,no,LBS16,0.947,0.02,0,0,0.947,dsDNAphage,99855,18,46.3,25.2,amphibian,virus,1,phage_pass,ok,rd1
LB_S20_10||0_partial_1,LB_S20_10||0_partial_1,LB_S20_10||0_partial,39597,trimmed_by_checkv,1,no,LBS20,0.927,0.567,0.007,0.027,0.927,dsDNAphage,47383,7,45.8,8.5,amphibian,virus,1,phage_pass,ok,rd1
LB_S20_13||0_partial_1,LB_S20_13||0_partial_1,LB_S20_13||0_partial,32535,trimmed_by_checkv,1,no,LBS20,0.9,0.067,0,0,0.9,dsDNAphage,72999,17,32.2,24.4,amphibian,virus,1,phage_pass,ok,rd1
LB_S20_4||0_partial_1,LB_S20_4||0_partial_1,LB_S20_4||0_partial,66515,trimmed_by_checkv,1,no,LBS20,0.9,0.267,0,0.027,0.9,dsDNAphage,99079,10,30,16.9,amphibian,virus,1,phage_pass,ok,rd1
LB_S20_4||1_partial_1,LB_S20_4||1_partial_1,LB_S20_4||1_partial,20334,trimmed_by_checkv,1,no,LBS20,0.853,0.607,0,0.067,0.853,dsDNAphage,53040,5,26.5,22.4,amphibian,virus,1,phage_pass,ok,rd2
LB_S21_59||full_1,LB_S21_59||full_1,LB_S21_59||full,33995,trimmed_by_checkv,1,no,LBS21,0.953,0.22,0,0.013,0.953,dsDNAphage,55606,17,50.8,18,amphibian,virus,1,phage_pass,ok,rd1
LB_S22_108||full,LB_S22_108||full,LB_S22_108||full,9550,same_as_vs2,1,no,LBS22,0.873,0.26,0.06,0.467,0.873,dsDNAphage,9550,3,45.5,0,amphibian,virus,1,phage_pass,ok,rd2
LB_S22_18||0_partial_1,LB_S22_18||0_partial_1,LB_S22_18||0_partial,65077,trimmed_by_checkv,1,no,LBS22,0.913,0.053,0,0.007,0.913,dsDNAphage,106931,9,32.6,20,amphibian,virus,1,phage_pass,ok,rd1
LB_S22_18||1_partial_1,LB_S22_18||1_partial_1,LB_S22_18||1_partial,18074,trimmed_by_checkv,1,no,LBS22,0.9,0.133,0,0.047,0.9,dsDNAphage,43833,3,25,22.7,amphibian,virus,1,phage_pass,ok,rd1
LB_S22_22||full,LB_S22_22||full,LB_S22_22||full,16570,same_as_vs2,1,no,LBS22,0.993,0.653,0.26,0.46,0.993,dsDNAphage,16570,14,85.7,0,amphibian,virus,1,phage_pass,ok,rd1
LB_S22_40||full,LB_S22_40||full,LB_S22_40||full,18665,same_as_vs2,1,no,LBS22,0.987,0.207,0.193,0.573,0.987,dsDNAphage,18665,14,78.3,8.7,amphibian,virus,1,phage_pass,ok,rd1
LB_S23_18||0_partial_1,LB_S23_18||0_partial_1,LB_S23_18||0_partial,34541,trimmed_by_checkv,1,no,LBS23,0.887,0.127,0.007,0.04,0.887,dsDNAphage,73037,18,36,27.9,amphibian,virus,1,phage_pass,ok,rd2
LB_S23_4||0_partial_1,LB_S23_4||0_partial_1,LB_S23_4||0_partial,16688,trimmed_by_checkv,1,no,LBS23,0.92,0.013,0,0,0.92,dsDNAphage,45210,2,14.8,18,amphibian,virus,1,phage_pass,ok,rd1
LB_S23_4||1_partial_1,LB_S23_4||1_partial_1,LB_S23_4||1_partial,17541,trimmed_by_checkv,1,no,LBS23,0.873,0.233,0,0.013,0.873,dsDNAphage,52069,3,26,24,amphibian,virus,1,phage_pass,ok,rd2
LB_S27_1||0_partial_1,LB_S27_1||0_partial_1,LB_S27_1||0_partial,35677,trimmed_by_checkv,1,no,LBS27,0.933,0.167,0,0,0.933,dsDNAphage,63573,10,30,23.8,amphibian,virus,1,phage_pass,ok,rd1
LB_S27_12||0_partial_1,LB_S27_12||0_partial_1,LB_S27_12||0_partial,36113,trimmed_by_checkv,1,no,LBS27,0.953,0.153,0,0.013,0.953,dsDNAphage,64482,6,36.4,19.3,amphibian,virus,1,phage_pass,ok,rd1
LB_S28_21||0_partial_1,LB_S28_21||0_partial_1,LB_S28_21||0_partial,44545,trimmed_by_checkv,1,no,LBS28,0.9,0.067,0.007,0,0.9,dsDNAphage,95434,10,34,35.8,amphibian,virus,1,phage_pass,ok,rd1
LB_S31_7||0_partial_1,LB_S31_7||0_partial_1,LB_S31_7||0_partial,38195,trimmed_by_checkv,1,no,LBS31,0.927,0.093,0,0.007,0.927,dsDNAphage,51390,6,20.5,19.3,amphibian,virus,1,phage_pass,ok,rd1
LB_S32_5||0_partial_1,LB_S32_5||0_partial_1,LB_S32_5||0_partial,45985,trimmed_by_checkv,1,no,LBS32,0.933,0.047,0,0,0.933,dsDNAphage,63825,5,22.8,12.9,amphibian,virus,1,phage_pass,ok,rd1
LB_S34_108||full,LB_S34_108||full,LB_S34_108||full,6635,same_as_vs2,1,no,LBS34,0.987,0.42,0.773,0.847,0.987,dsDNAphage,6635,0,25,0,amphibian,virus,1,phage_pass,ok,rd1
LB_S34_3||0_partial_1,LB_S34_3||0_partial_1,LB_S34_3||0_partial,91230,trimmed_by_checkv,1,no,LBS34,0.9,0.1,0,0.033,0.9,dsDNAphage,158793,6,25.9,18.9,amphibian,virus,1,phage_pass,ok,rd1
LB_S34_52||full,LB_S34_52||full,LB_S34_52||full,16853,same_as_vs2,1,no,LBS34,1,0.773,0.32,0.893,1,dsDNAphage,16853,1,42.9,0,amphibian,virus,1,phage_pass,ok,rd1
LB_S35_63||full,LB_S35_63||full,LB_S35_63||full,16245,same_as_vs2,1,no,LBS35,0.94,0.447,0.053,0.38,0.94,dsDNAphage,16245,3,58.3,25,amphibian,vibrant_not_run_or_didn't_like_it,NA,phage_pass,ok,rd1
LB_S35_7||0_partial,LB_S35_7||0_partial,LB_S35_7||0_partial,18889,same_as_vs2,1,no,LBS35,0.973,0.247,0.02,0.64,0.973,dsDNAphage,18889,3,21.9,15.6,amphibian,virus,1,phage_pass,ok,rd1
LB_S36_46||full_1,LB_S36_46||full_1,LB_S36_46||full,51609,trimmed_by_checkv,1,no,LBS36,0.9,0.1,0,0.14,0.9,dsDNAphage,93539,6,27.2,14.9,amphibian,virus,1,phage_pass,ok,rd1
LB_S39_2||0_partial,LB_S39_2||0_partial,LB_S39_2||0_partial,32189,same_as_vs2,1,no,LBS39,0.907,0.02,0.007,0,0.907,dsDNAphage,32189,4,20.6,23.5,amphibian,vibrant_not_run_or_didn't_like_it,NA,phage_pass,ok,rd1
LB_S39_4||0_partial_1,LB_S39_4||0_partial_1,LB_S39_4||0_partial,17634,trimmed_by_checkv,1,no,LBS39,0.927,0.407,0,0.013,0.927,dsDNAphage,30292,7,32.6,30.5,amphibian,virus,1,phage_pass,ok,rd1
LB_S39_5||0_partial_1,LB_S39_5||0_partial_1,LB_S39_5||0_partial,51722,trimmed_by_checkv,1,no,LBS39,0.9,0.013,0,0,0.9,dsDNAphage,88279,13,37.3,21.6,amphibian,virus,1,phage_pass,ok,rd1
LB_S41_4||0_partial_1,LB_S41_4||0_partial_1,LB_S41_4||0_partial,5198,trimmed_by_checkv,1,no,LBS41,0.853,0.047,0,0.087,0.853,dsDNAphage,12902,1,26.9,30.8,amphibian,virus,1,phage_pass,ok,rd2
LB_S41_9||0_partial_1,LB_S41_9||0_partial_1,LB_S41_9||0_partial,35833,trimmed_by_checkv,1,no,LBS41,0.907,0.02,0,0.013,0.907,dsDNAphage,78742,9,35.2,29.6,amphibian,virus,1,phage_pass,ok,rd1
LB_S43_1||0_partial_1,LB_S43_1||0_partial_1,LB_S43_1||0_partial,39156,trimmed_by_checkv,1,no,LBS43,0.9,0.06,0,0.007,0.9,dsDNAphage,75764,20,29.9,11.3,amphibian,virus,1,phage_pass,ok,rd1
LB_S44_2||0_partial_1,LB_S44_2||0_partial_1,LB_S44_2||0_partial,38544,trimmed_by_checkv,1,no,LBS44,0.927,0.06,0,0,0.927,dsDNAphage,65838,6,24,15.6,amphibian,virus,1,phage_pass,ok,rd1
LB_S45_17||full_1,LB_S45_17||full_1,LB_S45_17||full,35897,trimmed_by_checkv,1,no,LBS45,0.8,0.033,0,0.007,0.8,dsDNAphage,80911,6,29.5,25.3,amphibian,virus,1,phage_pass,ok,rd2
LB_S45_9||0_partial,LB_S45_9||0_partial,LB_S45_9||0_partial,31505,same_as_vs2,1,no,LBS45,0.993,0.507,0,0,0.993,dsDNAphage,31505,5,29.8,2.1,amphibian,virus,1,phage_pass,ok,rd1
LB_S46_23||0_partial_1,LB_S46_23||0_partial_1,LB_S46_23||0_partial,40888,trimmed_by_checkv,1,no,LBS46,0.967,0.3,0.007,0.04,0.967,dsDNAphage,42877,6,37.5,10.9,amphibian,virus,1,phage_pass,ok,rd1
LB_S47_6||0_partial_1,LB_S47_6||0_partial_1,LB_S47_6||0_partial,36382,trimmed_by_checkv,1,no,LBS47,0.927,0.02,0,0,0.927,dsDNAphage,111138,15,27.8,22.5,amphibian,virus,1,phage_pass,ok,rd1
LB_S48_32||0_partial_1,LB_S48_32||0_partial_1,LB_S48_32||0_partial,50959,trimmed_by_checkv,1,no,LBS48,0.973,0.007,0,0.007,0.973,dsDNAphage,67230,5,25.7,11.9,amphibian,virus,1,phage_pass,ok,rd1
LB_S48_55||0_partial_1,LB_S48_55||0_partial_1,LB_S48_55||0_partial,58367,trimmed_by_checkv,1,no,LBS48,0.927,0.167,0,0.007,0.927,dsDNAphage,74362,7,23.8,13.9,amphibian,virus,1,phage_pass,ok,rd1
LB_S50_36||0_partial_1,LB_S50_36||0_partial_1,LB_S50_36||0_partial,36991,trimmed_by_checkv,1,no,LBS50,0.893,0.053,0,0.007,0.893,dsDNAphage,46779,6,24.7,23.4,amphibian,virus,1,phage_pass,ok,rd2
LB_S50_5||0_partial_1,LB_S50_5||0_partial_1,LB_S50_5||0_partial,49942,trimmed_by_checkv,1,no,LBS50,0.907,0.267,0,0.007,0.907,dsDNAphage,96681,7,24.6,16.7,amphibian,virus,1,phage_pass,ok,rd1
LBS01-lw_1||0_partial_1,LBS01-lw_1||0_partial_1,LBS01-lw_1||0_partial,60284,trimmed_by_checkv,1,no,LBS01-lw,0.893,0.107,0,0,0.893,dsDNAphage,99112,15,35.7,24.3,amphibian,virus,1,phage_pass,ok,rd2
LBS01-lw_1||1_partial_1,LBS01-lw_1||1_partial_1,LBS01-lw_1||1_partial,46923,trimmed_by_checkv,1,no,LBS01-lw,0.933,0.173,0,0.007,0.933,dsDNAphage,97953,13,36.4,23.5,amphibian,virus,1,phage_pass,ok,rd1
LBS01-lw_1||2_partial_1,LBS01-lw_1||2_partial_1,LBS01-lw_1||2_partial,62275,trimmed_by_checkv,1,no,LBS01-lw,0.853,0.073,0,0,0.853,dsDNAphage,106904,19,31.2,32.8,amphibian,virus,2,phage_pass,ok,rd2
