FNAName_PHASTER,Region,Region_Length,Completeness,score,Specific_Keyword,TRNA_NUM,Total_Protein_Num,Phage_Hit_Protein_Num,Hypothetical_Protein_Num,Phage_Hypo_Protein_Percentage,Bacterial_Protein_Num,Att_Site_Showup,Phage_Species_Num,Most_Common_Phage_Name(hit_genes_count),First_Most_Common_Phage_Num,First_Most_Common_Phage_Percentage,GC_Percentage,FullDescRegion_Position,ID,Genus,Species,strainholder,Strain,Strain2info,Blank,Whole,Genome,Shotgun,Sequences,Location,13,14,15,16,17,18,19,20
janthino_NCBI_pha.fna,1,34.7Kb,intact,120,"integrase,terminase,portal,head,capsid,tail,lysin",0,44,27,17,100%,0,no,20,"PHAGE_Pseudo_PS_1_NC_029066(4),PHAGE_Xantho_Xp10_NC_004902(3),PHAGE_Cronob_phiES15_NC_018454(3),PHAGE_Xantho_Xop411_NC_009543(3),PHAGE_Burkho_KS9_NC_013055(3),PHAGE_Burkho_phi1026b_NC_005284(3),PHAGE_Xantho_OP1_NC_007709(3),PHAGE_Entero_SfI_NC_027339(3),PHAGE_Xantho_CP1_NC_019933(3),PHAGE_Pseudo_YMC11/02/R656_NC_028657(3),PHAGE_Salmon_118970_sal3_NC_031940(3),PHAGE_Pseudo_phiPMW_NC_041880(3),PHAGE_Burkho_Bcep176_NC_007497(3),PHAGE_Burkho_phiE125_NC_003309(2),PHAGE_Pseudo_PAJU2_NC_011373(2),PHAGE_Rhizob_16_3_NC_011103(2),PHAGE_Azospi_Cd_NC_010355(2),PHAGE_Burkho_phi6442_NC_009235(2),PHAGE_Shigel_SfII_NC_021857(2),PHAGE_Entero_mEp235_NC_019708(2),PHAGE_Escher_SRT8_NC_042043(2),PHAGE_Klebsi_vB_KpnS_IMGroot_NC_049834(1),PHAGE_Burkho_vB_BmuP_KL4_NC_047958(1),PHAGE_Entero_HK542_NC_019769(1),PHAGE_Escher_vB_EcoS_IME347_NC_047960(1),PHAGE_Psychr_Psymv2_NC_023734(1),PHAGE_Entero_N15_NC_001901(1),PHAGE_Mycoba_Sbash_NC_026589(1),PHAGE_Cellul_phi38:1_NC_021796(1),PHAGE_Arthro_Circum_NC_041948(1),PHAGE_Pseudo_H70_NC_027384(1),PHAGE_Cronob_ENT39118_NC_019934(1),PHAGE_Salini_M8CC_19_NC_042349(1),PHAGE_Entero_HK140_NC_019710(1),PHAGE_Pseudo_MD8_NC_031091(1),PHAGE_Bacill_vB_BceS_MY192_NC_048633(1),PHAGE_Entero_933W_NC_000924(1),PHAGE_Pseudo_F10_NC_007805(1),PHAGE_Acinet_YMC11/11/R3177_NC_041866(1),PHAGE_Arthro_Maja_NC_048140(1),PHAGE_Achrom_83_24_NC_028834(1),PHAGE_Salini_M31CR41_2_NC_042352(1),PHAGE_Arthro_Judy_NC_048095(1),PHAGE_Entero_BP_4795_NC_004813(1),PHAGE_Klebsi_Skenny_NC_049841(1),PHAGE_Arthro_Constance_NC_048092(1),PHAGE_Mycoba_BigNuz_NC_023692(1),PHAGE_Flavob_vB_FspS_hemulen6_1_NC_048833(1),PHAGE_Pseudo_LPB1_NC_027298(1),PHAGE_Pseudo_phi2_NC_030931(1),PHAGE_Salmon_ST64B_NC_004313(1),PHAGE_Yersin_PY54_NC_005069(1),PHAGE_Arthro_Bridgette_NC_048091(1),PHAGE_Klebsi_vB_KpnS_15_38_KLPPOU149_NC_049842(1),PHAGE_Shigel_SfIV_NC_022749(1),PHAGE_Paraco_Shpa_NC_041868(1),PHAGE_Stx2_c_Stx2a_WGPS9_NC_049923(1),PHAGE_Pseudo_MP22_NC_009818(1),PHAGE_Ralsto_DU_RP_I_NC_047888(1),PHAGE_Bacter_B124_14_NC_016770(1),PHAGE_Brucel_BiPBO1_NC_031264(1),PHAGE_Salini_M8CRM_1_NC_042351(1),PHAGE_Pseudo_JBD24_NC_020203(1),PHAGE_Pseudo_PaBG_NC_022096(1),PHAGE_Pseudo_DMS3_NC_008717(1),PHAGE_Bordet_vB_BbrM_PHB04_NC_047861(1),PHAGE_Vibrio_VP58.5_NC_027981(1),PHAGE_Pseudo_JD024_NC_024330(1),PHAGE_Klebsi_vB_KpnS_Domnhall_NC_049835(1),PHAGE_Ralsto_RSY1_NC_025115(1),PHAGE_Vibrio_vB_VpaM_MAR_NC_019722(1),PHAGE_Bacill_PfEFR_4_NC_048641(1),PHAGE_Xantho_phiL7_NC_012742(1),PHAGE_Pseudo_D3112_NC_005178(1),PHAGE_Mycoba_Xavia_NC_051740(1),PHAGE_Pseudo_JBD5_NC_020202(1),PHAGE_Entero_HK022_NC_002166(1),PHAGE_Salmon_SP126_NC_042066(1),PHAGE_Klebsi_vB_KpnS_Call_NC_049836(1)",3,9.09%,60.57%,"janth_1,GCA_000242815.2_21||0_partial_1,3957-44067/91722:5362-40111",janth_1,GCA_000242815.2_21||0_partial_1,3957-44067/91722:5362-40111,,,,,,,,,,,,,,,,,
janthino_NCBI_pha.fna,2,28.1Kb,intact,150,"tail,plate,lysin,capsid,portal",0,32,27,5,100%,0,no,18,"PHAGE_Burkho_KS14_NC_015273(8),PHAGE_Pseudo_Dobby_NC_048109(7),PHAGE_Ralsto_RSA1_NC_009382(7),PHAGE_Burkho_KL3_NC_015266(7),PHAGE_Burkho_phiE202_NC_009234(6),PHAGE_Burkho_KS5_NC_015265(6),PHAGE_Ralsto_RsoM1USA_NC_049432(5),PHAGE_Burkho_phi52237_NC_007145(5),PHAGE_Ralsto_RSY1_NC_025115(5),PHAGE_Pseudo_phiCTX_NC_003278(5),PHAGE_Burkho_AP3_NC_047752(5),PHAGE_Burkho_phiE12_2_NC_009236(5),PHAGE_Escher_500465_1_NC_049342(3),PHAGE_Burkho_ST79_NC_021343(3),PHAGE_Klebsi_ST13_OXA48phi12.1_NC_049453(2),PHAGE_Salmon_RE_2010_NC_019488(2),PHAGE_Stenot_Smp131_NC_023588(2),PHAGE_Klebsi_4LV2017_NC_047818(2),PHAGE_Salmon_Fels_2_NC_010463(2),PHAGE_Klebsi_ST15_OXA48phi14.1_NC_049454(2),PHAGE_Escher_vB_EcoM_ECO1230_10_NC_027995(1),PHAGE_Erwini_vB_EamP_S6_NC_019514(1),PHAGE_Salmon_SEN1_NC_029003(1),PHAGE_Geobac_GBSV1_NC_008376(1),PHAGE_Paenib_Tripp_NC_028930(1),PHAGE_Leptos_LE1_NC_048892(1),PHAGE_Escher_P2_NC_041848(1),PHAGE_Klebsi_ST512_KPC3phi13.2_NC_049452(1),PHAGE_Pseudo_Lana_NC_048166(1),PHAGE_Vibrio_VHML_NC_004456(1),PHAGE_Bacill_1_NC_009737(1),PHAGE_Vibrio_vB_VpaM_MAR_NC_019722(1),PHAGE_Salmon_vB_SemP_Emek_NC_018275(1),PHAGE_Burkho_DC1_NC_018452(1),PHAGE_Pseudo_PMBT3_NC_047902(1),PHAGE_Burkho_Bcep22_NC_005262(1),PHAGE_Burkho_KS9_NC_013055(1),PHAGE_Klebsi_Seifer_NC_048732(1),PHAGE_Burkho_BcepSaruman_NC_049850(1),PHAGE_Acinet_Bphi_B1251_NC_019541(1),PHAGE_Rhodof_P26218_NC_029061(1),PHAGE_Burkho_BcepSauron_NC_049851(1),PHAGE_Burkho_phiE125_NC_003309(1),PHAGE_Escher_vB_EcoM_ep3_NC_025430(1),PHAGE_Pseudo_MP1412_NC_018282(1),PHAGE_Escher_pro483_NC_028943(1),PHAGE_Pseudo_YuA_NC_010116(1),PHAGE_Erwini_EtG_NC_047833(1),PHAGE_Escher_vB_EcoM_ECOO78_NC_041926(1),PHAGE_Salmon_SEN8_NC_047753(1),PHAGE_Burkho_phi6442_NC_009235(1),PHAGE_Klebsi_ST437_OXA245phi4.1_NC_049448(1),PHAGE_Burkho_phi1026b_NC_005284(1),PHAGE_Salmon_SEN5_NC_028701(1),PHAGE_Pseudo_LKO4_NC_041934(1),PHAGE_Acinet_YMC11/11/R3177_NC_041866(1)",8,25%,60.51%,"janth_2,GCA_000632025.1_1||0_partial_1,1-38995/61355:8579-36692",janth_2,GCA_000632025.1_1||0_partial_1,1-38995/61355:8579-36692,,,,,,,,,,,,,,,,,
janthino_NCBI_pha.fna,3,34.4Kb,intact,110,"plate,tail,lysin,head,terminase",0,44,29,15,100%,0,yes,23,"PHAGE_Burkho_phi1026b_NC_005284(6),PHAGE_Pseudo_D3_NC_002484(4),PHAGE_Pseudo_PMG1_NC_016765(4),PHAGE_Entero_mEp235_NC_019708(3),PHAGE_Burkho_KS9_NC_013055(3),PHAGE_Burkho_phiE125_NC_003309(3),PHAGE_Salmon_118970_sal3_NC_031940(2),PHAGE_Escher_K1ind1_NC_041897(2),PHAGE_Brucel_BiPBO1_NC_031264(2),PHAGE_Entero_SfV_NC_003444(2),PHAGE_Shigel_SfIV_NC_022749(2),PHAGE_Escher_K1_ind(2)_NC_041898(2),PHAGE_Entero_mEp390_NC_019721(2),PHAGE_Entero_phiEap_2_NC_028695(2),PHAGE_Entero_cdtI_NC_009514(2),PHAGE_Shewan_3/49_NC_025466(2),PHAGE_Escher_K1_dep(4)_NC_027993(2),PHAGE_Idioma_1N2_2_NC_025439(2),PHAGE_Raoult_RP180_NC_048181(2),PHAGE_Escher_VB_EcoS_Golestan_NC_042084(2),PHAGE_Cronob_ENT39118_NC_019934(2),PHAGE_Salmon_SP_031_NC_021775(2),PHAGE_Psychr_Psymv2_NC_023734(2),PHAGE_Pseudo_PS_1_NC_029066(1),PHAGE_Entero_HK022_NC_002166(1),PHAGE_Pseudo_D3112_NC_005178(1),PHAGE_Gordon_Nymphadora_NC_031061(1),PHAGE_Xantho_phiL7_NC_012742(1),PHAGE_Entero_mEp460_NC_019716(1),PHAGE_Pelagi_HTVC010P_NC_020481(1),PHAGE_Xantho_CP1_NC_019933(1),PHAGE_Escher_HK639_NC_016158(1),PHAGE_Entero_SfI_NC_027339(1),PHAGE_Salmon_SJ46_NC_031129(1),PHAGE_Bacill_phi105_NC_048631(1),PHAGE_Mannhe_vB_MhS_587AP2_NC_028743(1),PHAGE_Escher_K1_dep(1)_NC_027994(1),PHAGE_Escher_vB_EcoM_ECOO78_NC_041926(1),PHAGE_Pseudo_KPP25_NC_024123(1),PHAGE_Xantho_OP1_NC_007709(1),PHAGE_Gordon_Schwabeltier_NC_031255(1),PHAGE_Deftia_phiW_14_NC_013697(1),PHAGE_Pseudo_phiR18_NC_041964(1),PHAGE_Rhodob_RcapNL_NC_020489(1),PHAGE_Klebsi_phiKO2_NC_005857(1),PHAGE_Pseudo_F10_NC_007805(1),PHAGE_Ralsto_RSP15_NC_030948(1),PHAGE_Rhizob_16_3_NC_011103(1),PHAGE_Entero_mEpX2_NC_019705(1),PHAGE_Pseudo_PAJU2_NC_011373(1),PHAGE_Pseudo_JBD18_NC_027986(1),PHAGE_Acinet_Bphi_B1251_NC_019541(1),PHAGE_Gordon_Kita_NC_031233(1),PHAGE_Caulob_Cr30_NC_025422(1),PHAGE_Salmon_vB_SosS_Oslo_NC_018279(1),PHAGE_Pseudo_phiPMW_NC_041880(1),PHAGE_Escher_ECP1_NC_049926(1),PHAGE_Vibrio_VP882_NC_009016(1),PHAGE_Xantho_CP2_NC_020205(1),PHAGE_Gordon_Hedwig_NC_031099(1),PHAGE_Pseudo_YMC11/02/R656_NC_028657(1),PHAGE_Pseudo_vB_PaeS_PM105_NC_028667(1),PHAGE_Shigel_SfII_NC_021857(1),PHAGE_Paraco_Shpa_NC_041868(1),PHAGE_Gordon_Zirinka_NC_031097(1),PHAGE_Salmon_vB_SenS_AG11_NC_041991(1),PHAGE_Pseudo_phi2_NC_030931(1),PHAGE_Salmon_ST64B_NC_004313(1),PHAGE_Stenot_S1_NC_011589(1),PHAGE_Bacill_phi105_NC_004167(1),PHAGE_Pseudo_JBD44_NC_030929(1),PHAGE_Burkho_phi6442_NC_009235(1),PHAGE_Azospi_Cd_NC_010355(1),PHAGE_Arthro_Maja_NC_048140(1),PHAGE_Salmon_SS3e_NC_006940(1),PHAGE_Xantho_Xop411_NC_009543(1),PHAGE_Serrat_Eta_NC_021563(1),PHAGE_Burkho_AP3_NC_047752(1),PHAGE_Entero_HK140_NC_019710(1),PHAGE_Pseudo_MD8_NC_031091(1),PHAGE_Entero_c_1_NC_019706(1),PHAGE_Marino_P12026_NC_018269(1),PHAGE_Acinet_vB_AbaS_TRS1_NC_031098(1),PHAGE_Escher_vB_EcoM_ep3_NC_025430(1),PHAGE_Entero_HK542_NC_019769(1),PHAGE_Entero_phiP27_NC_003356(1),PHAGE_Pseudo_B3_NC_006548(1)",6,13.63%,57.87%,"janth_5,GCA_000783415.1_78||full_1,61454-95874/95874:2-34421",janth_5,GCA_000783415.1_78||full_1,61454-95874/95874:2-34421,,,,,,,,,,,,,,,,,
janthino_NCBI_pha.fna,4,9.6Kb,incomplete,40,"tail,virion",0,15,10,5,100%,0,yes,7,"PHAGE_Ralsto_RsoM1USA_NC_049432(4),PHAGE_Ralsto_RSY1_NC_025115(4),PHAGE_Burkho_AP3_NC_047752(3),PHAGE_Ralsto_RSA1_NC_009382(3),PHAGE_Klebsi_ST13_OXA48phi12.1_NC_049453(2),PHAGE_Burkho_phiE202_NC_009234(2),PHAGE_Pseudo_Dobby_NC_048109(2),PHAGE_Burkho_KS14_NC_015273(2),PHAGE_Pseudo_phiCTX_NC_003278(2),PHAGE_Burkho_KS5_NC_015265(2),PHAGE_Burkho_ST79_NC_021343(2),PHAGE_Mannhe_vB_MhM_587AP1_NC_028898(1),PHAGE_Salmon_RE_2010_NC_019488(1),PHAGE_Acinet_vB_AbaS_TRS1_NC_031098(1),PHAGE_Burkho_vB_BmuP_KL4_NC_047958(1),PHAGE_Salmon_Fels_2_NC_010463(1),PHAGE_Burkho_KL3_NC_015266(1),PHAGE_Stenot_Smp131_NC_023588(1),PHAGE_Erwini_vB_EhrS_59_NC_048198(1),PHAGE_Burkho_phiE12_2_NC_009236(1),PHAGE_Pseudo_Lana_NC_048166(1),PHAGE_Burkho_phi52237_NC_007145(1),PHAGE_Salmon_SEN8_NC_047753(1),PHAGE_Pseudo_PMBT3_NC_047902(1),PHAGE_Mannhe_phiMHaA1_NC_008201(1),PHAGE_Escher_TL_2011b_NC_019445(1),PHAGE_Ralsto_RSL1_NC_010811(1)",4,26.66%,58.91%,"janth_6,GCA_000783415.1_93||0_partial_1,4467-45913/107152:2782-12456",janth_6,GCA_000783415.1_93||0_partial_1,4467-45913/107152:2782-12456,,,,,,,,,,,,,,,,,
janthino_NCBI_pha.fna,5,34.7Kb,intact,140,"tail,plate,portal,virion",0,57,36,21,100%,0,no,16,"PHAGE_Burkho_BcepMu_NC_005882(15),PHAGE_Burkho_phiE255_NC_009237(12),PHAGE_Haemop_SuMu_NC_019455(11),PHAGE_Pseudo_B3_NC_006548(9),PHAGE_Pseudo_JBD18_NC_027986(9),PHAGE_Mannhe_vB_MhM_3927AP2_NC_028766(9),PHAGE_Pseudo_vB_PaeS_PM105_NC_028667(7),PHAGE_Pseudo_JBD67_NC_042135(6),PHAGE_Rhodob_RcapMu_NC_016165(5),PHAGE_Pseudo_JBD25_NC_027992(4),PHAGE_Entero_Mu_NC_000929(4),PHAGE_Escher_D108_NC_013594(3),PHAGE_Vibrio_12B12_NC_021070(3),PHAGE_Pseudo_LPB1_NC_027298(3),PHAGE_Entero_SfI_NC_027339(3),PHAGE_Shigel_SfIV_NC_022749(3),PHAGE_Entero_SfMu_NC_027382(3),PHAGE_Nodula_vB_NspS_kac65v151_NC_048756(2),PHAGE_Rhizob_RR1_B_NC_021557(2),PHAGE_Shigel_SfII_NC_021857(2),PHAGE_Entero_SfV_NC_003444(2),PHAGE_Bordet_vB_BbrM_PHB04_NC_047861(2),PHAGE_Pseudo_Dobby_NC_048109(2),PHAGE_Pseudo_D3112_NC_005178(2),PHAGE_Ralsto_RS138_NC_029107(2),PHAGE_Pseudo_MP42_NC_018274(1),PHAGE_Escher_vB_EcoM_ep3_NC_025430(1),PHAGE_Entero_phiP27_NC_003356(1),PHAGE_Burkho_phiE125_NC_003309(1),PHAGE_Serrat_Eta_NC_021563(1),PHAGE_Burkho_KS9_NC_013055(1),PHAGE_Achrom_JWF_NC_029075(1),PHAGE_Mannhe_phiMHaA1_NC_008201(1),PHAGE_Burkho_phi1026b_NC_005284(1),PHAGE_Rhizob_vB_RleM_PPF1_NC_025427(1),PHAGE_Cyanop_S_TIM5_NC_019516(1),PHAGE_Pseudo_MP29_NC_011613(1),PHAGE_Nodula_vB_NspS_kac68v161_NC_048757(1),PHAGE_Salmon_ST64B_NC_004313(1),PHAGE_Pseudo_vB_PaeS_PAO1_Ab30_NC_026601(1),PHAGE_Yersin_PY54_NC_005069(1),PHAGE_Burkho_KS10_NC_011216(1),PHAGE_Pseudo_FHA0480_NC_041851(1),PHAGE_Pseudo_JBD93_NC_030918(1),PHAGE_Rhizob_RR1_A_NC_021560(1),PHAGE_Aggreg_S1249_NC_013597(1),PHAGE_Pseudo_JBD24_NC_020203(1),PHAGE_Escher_500465_1_NC_049342(1),PHAGE_Mannhe_vB_MhM_587AP1_NC_028898(1),PHAGE_Vibrio_VP882_NC_009016(1),PHAGE_Pseudo_JD024_NC_024330(1),PHAGE_Acinet_Acj61_NC_014661(1),PHAGE_Mannhe_vB_MhM_1127AP1_NC_047750(1),PHAGE_Pseudo_MP38_NC_011611(1)",15,26.31%,59.63%,"janth_7,GCA_001678745.2_14||full_1,15043-50246/69818:414-35204",janth_7,GCA_001678745.2_14||full_1,15043-50246/69818:414-35204,,,,,,,,,,,,,,,,,
janthino_NCBI_pha.fna,6,40.2Kb,intact,150,"tail,portal,lysin,plate",0,46,35,11,100%,0,yes,23,"PHAGE_Ralsto_RsoM1USA_NC_049432(12),PHAGE_Burkho_KS14_NC_015273(10),PHAGE_Burkho_KL3_NC_015266(8),PHAGE_Pseudo_Dobby_NC_048109(8),PHAGE_Ralsto_RSA1_NC_009382(7),PHAGE_Ralsto_RSY1_NC_025115(6),PHAGE_Burkho_KS5_NC_015265(5),PHAGE_Stenot_Smp131_NC_023588(5),PHAGE_Burkho_phi52237_NC_007145(5),PHAGE_Pseudo_phiCTX_NC_003278(5),PHAGE_Escher_500465_1_NC_049342(5),PHAGE_Burkho_phiE202_NC_009234(5),PHAGE_Salmon_Fels_2_NC_010463(4),PHAGE_Burkho_ST79_NC_021343(4),PHAGE_Burkho_phiE12_2_NC_009236(3),PHAGE_Salmon_SEN8_NC_047753(3),PHAGE_Burkho_AP3_NC_047752(3),PHAGE_Klebsi_4LV2017_NC_047818(3),PHAGE_Klebsi_ST13_OXA48phi12.1_NC_049453(3),PHAGE_Salmon_RE_2010_NC_019488(3),PHAGE_Erwini_EtG_NC_047833(2),PHAGE_Klebsi_ST437_OXA245phi4.1_NC_049448(2),PHAGE_Pseudo_F10_NC_007805(2),PHAGE_Klebsi_ST15_OXA48phi14.1_NC_049454(2),PHAGE_Erwini_ENT90_NC_019932(2),PHAGE_Escher_pro483_NC_028943(1),PHAGE_Pseudo_MP1412_NC_018282(1),PHAGE_Pseudo_M6_NC_007809(1),PHAGE_Escher_vB_EcoM_ECOO78_NC_041926(1),PHAGE_Pseudo_YuA_NC_010116(1),PHAGE_Faecal_FP_Mushu_NC_047913(1),PHAGE_Brevib_Jimmer2_NC_041976(1),PHAGE_Escher_520873_NC_049344(1),PHAGE_Salmon_SEN5_NC_028701(1),PHAGE_Brevib_Jimmer1_NC_029104(1),PHAGE_Acinet_YMC11/11/R3177_NC_041866(1),PHAGE_Ralsto_RSL1_NC_010811(1),PHAGE_Entero_phiT5282H_NC_049429(1),PHAGE_Klebsi_Seifer_NC_048732(1),PHAGE_Salmon_SEN4_NC_029015(1),PHAGE_Acinet_Bphi_B1251_NC_019541(1),PHAGE_Staphy_vB_SepS_SEP9_NC_023582(1),PHAGE_Rhodof_P26218_NC_029061(1),PHAGE_Escher_vB_EcoM_ep3_NC_025430(1),PHAGE_Mycoba_Tortellini_NC_041888(1),PHAGE_Natria_PhiCh1_NC_004084(1),PHAGE_Entero_EFP01_NC_047796(1),PHAGE_Klebsi_ST512_KPC3phi13.2_NC_049452(1),PHAGE_Xylell_Xfas53_NC_013599(1),PHAGE_Vibrio_VHML_NC_004456(1),PHAGE_Pseudo_Lana_NC_048166(1),PHAGE_Mycoba_Xavia_NC_051740(1),PHAGE_Burkho_DC1_NC_018452(1),PHAGE_Vibrio_vB_VpaM_MAR_NC_019722(1),PHAGE_Pseudo_PMBT3_NC_047902(1),PHAGE_Burkho_Bcep22_NC_005262(1),PHAGE_Escher_vB_EcoM_ECO1230_10_NC_027995(1),PHAGE_Vibrio_K139_NC_003313(1),PHAGE_Erwini_vB_EamP_S6_NC_019514(1),PHAGE_Pseudo_YMC11/07/P54_PAE_BP_NC_030909(1),PHAGE_Mannhe_vB_MhS_587AP2_NC_028743(1)",10,26.08%,57.66%,"janth_8,GCA_001678745.2_1||0_partial_1,7871-87895/185701:198-40477",janth_8,GCA_001678745.2_1||0_partial_1,7871-87895/185701:198-40477,,,,,,,,,,,,,,,,,
janthino_NCBI_pha.fna,7,12.5Kb,incomplete,50,"transposase,integrase,lysin,tail",0,12,7,5,100%,0,yes,6,"PHAGE_Prochl_P_TIM68_NC_028955(4),PHAGE_Acidov_ACP17_NC_041997(1),PHAGE_Spirop_SkV1_CR2_3x_NC_009987(1),PHAGE_Flavob_vB_FspS_hemulen6_1_NC_048833(1),PHAGE_Spirop_1_C74_NC_003793(1),PHAGE_Mannhe_vB_MhS_535AP2_NC_028853(1),PHAGE_Pseudo_D3112_NC_005178(1),PHAGE_Pseudo_JBD24_NC_020203(1),PHAGE_Synech_S_B28_NC_048171(1),PHAGE_Punice_HMO_2011_NC_021864(1),PHAGE_Pseudo_PaBG_NC_022096(1),PHAGE_Burkho_KS9_NC_013055(1),PHAGE_Pseudo_JBD93_NC_030918(1),PHAGE_Pseudo_DMS3_NC_008717(1),PHAGE_Achrom_83_24_NC_028834(1),PHAGE_Ralsto_RSY1_NC_025115(1),PHAGE_Acinet_vB_AbaS_TRS1_NC_031098(1),PHAGE_Cellul_phi48:2_NC_021793(1)",2,33.33%,56.56%,"janth_8,GCA_001678745.2_1||0_partial_1,7871-87895/185701:37627-50150",janth_8,GCA_001678745.2_1||0_partial_1,7871-87895/185701:37627-50150,,,,,,,,,,,,,,,,,
janthino_NCBI_pha.fna,8,15.8Kb,incomplete,40,"tail,head",0,21,15,6,100%,0,no,7,"PHAGE_Burkho_Bcep176_NC_007497(8),PHAGE_Brucel_BiPBO1_NC_031264(4),PHAGE_Entero_YYZ_2008_NC_011356(3),PHAGE_Xantho_phiL7_NC_012742(3),PHAGE_Salico_CGphi29_NC_020844(2),PHAGE_Stx2_c_1717_NC_011357(2),PHAGE_Entero_BP_4795_NC_004813(2),PHAGE_Salmon_ST64B_NC_004313(2),PHAGE_Burkho_phiE125_NC_003309(1),PHAGE_Shigel_SfIV_NC_022749(1),PHAGE_Bacill_phi105_NC_048631(1),PHAGE_Entero_SfI_NC_027339(1),PHAGE_Salmon_(in:Nonagvirus)_NC_042025(1),PHAGE_Pseudo_PMG1_NC_016765(1),PHAGE_Escher_Seurat_NC_027378(1),PHAGE_Xantho_CP1_NC_019933(1),PHAGE_Pseudo_PAJU2_NC_011373(1),PHAGE_Endosy_APSE_1_NC_000935(1),PHAGE_Entero_mEp390_NC_019721(1),PHAGE_Entero_mEp235_NC_019708(1),PHAGE_Mannhe_vB_MhS_1152AP2_NC_028956(1),PHAGE_Escher_slur01_NC_028831(1),PHAGE_Strept_mu1/6_NC_007967(1),PHAGE_Burkho_phi6442_NC_009235(1),PHAGE_Burkho_phi1026b_NC_005284(1),PHAGE_Salmon_118970_sal3_NC_031940(1),PHAGE_Entero_CAjan_NC_028776(1),PHAGE_Haemop_Aaphi23_NC_004827(1),PHAGE_Burkho_phi52237_NC_007145(1),PHAGE_Bacill_phi105_NC_004167(1),PHAGE_Entero_JenP1_NC_029028(1),PHAGE_Clostr_phiCD6356_NC_015262(1),PHAGE_Salmon_SPN3UB_NC_019545(1),PHAGE_Bacter_APSE_2_NC_011551(1)",9,38.09%,61.01%,"janth_8,GCA_001678745.2_1||0_partial_1,7871-87895/185701:50411-66254",janth_8,GCA_001678745.2_1||0_partial_1,7871-87895/185701:50411-66254,,,,,,,,,,,,,,,,,
janthino_NCBI_pha.fna,9,10.3Kb,incomplete,20,tail,0,16,10,6,100%,0,no,9,"PHAGE_Pseudo_YMC11/02/R656_NC_028657(3),PHAGE_Pseudo_JBD44_NC_030929(2),PHAGE_Pseudo_PAJU2_NC_011373(2),PHAGE_Pseudo_YMC11/07/P54_PAE_BP_NC_030909(2),PHAGE_Escher_PA28_NC_041935(2),PHAGE_Rhodoc_ReqiDocB7_NC_023706(1),PHAGE_Mycoba_Findley_NC_051598(1),PHAGE_Mycoba_DS6A_NC_023744(1),PHAGE_Erwini_vB_EhrS_59_NC_048198(1),PHAGE_Mycoba_Gaia_NC_026590(1),PHAGE_Mycoba_BigNuz_NC_023692(1),PHAGE_Burkho_Bcep176_NC_007497(1),PHAGE_Entero_BP_4795_NC_004813(1),PHAGE_Pseudo_F10_NC_007805(1),PHAGE_Nitrin_1M3_16_NC_024217(1),PHAGE_Bordet_vB_BbrM_PHB04_NC_047861(1),PHAGE_Pseudo_D3_NC_002484(1),PHAGE_Mycoba_Mufasa_NC_028759(1),PHAGE_Sinorh_PBC5_NC_003324(1),PHAGE_Entero_933W_NC_000924(1),PHAGE_Pseudo_phi297_NC_016762(1),PHAGE_Pseudo_phiPSA1_NC_024365(1),PHAGE_Entero_HK140_NC_019710(1),PHAGE_Entero_mEp213_NC_019720(1),PHAGE_Stx2_c_Stx2a_WGPS9_NC_049923(1),PHAGE_Pseudo_PMG1_NC_016765(1),PHAGE_Burkho_vB_BmuP_KL4_NC_047958(1),PHAGE_Yersin_PY54_NC_005069(1),PHAGE_Pseudo_vB_PaeP_Tr60_Ab31_NC_023575(1)",2,18.75%,60.20%,"janth_8,GCA_001678745.2_1||0_partial_1,7871-87895/185701:69656-80025",janth_8,GCA_001678745.2_1||0_partial_1,7871-87895/185701:69656-80025,,,,,,,,,,,,,,,,,
janthino_NCBI_pha.fna,10,25.3Kb,questionable,80,"tail,capsid,head,portal,terminase",0,33,21,12,100%,0,no,17,"PHAGE_Cronob_phiES15_NC_018454(3),PHAGE_Burkho_phi1026b_NC_005284(3),PHAGE_Pseudo_YMC11/02/R656_NC_028657(3),PHAGE_Burkho_Bcep176_NC_007497(3),PHAGE_Pseudo_PS_1_NC_029066(3),PHAGE_Salmon_118970_sal3_NC_031940(3),PHAGE_Pseudo_PAJU2_NC_011373(2),PHAGE_Rhizob_16_3_NC_011103(2),PHAGE_Xantho_Xop411_NC_009543(2),PHAGE_Burkho_KS9_NC_013055(2),PHAGE_Burkho_phiE125_NC_003309(2),PHAGE_Xantho_Xp10_NC_004902(2),PHAGE_Xantho_OP1_NC_007709(2),PHAGE_Salmon_ST64B_NC_004313(2),PHAGE_Azospi_Cd_NC_010355(2),PHAGE_Burkho_phi6442_NC_009235(2),PHAGE_Xantho_CP1_NC_019933(2),PHAGE_Shigel_SfII_NC_021857(2),PHAGE_Pseudo_phiPMW_NC_041880(2),PHAGE_Entero_mEp235_NC_019708(2),PHAGE_Pseudo_phiPSA1_NC_024365(1),PHAGE_Pseudo_JBD18_NC_027986(1),PHAGE_Entero_HK140_NC_019710(1),PHAGE_Bacill_vB_BceS_MY192_NC_048633(1),PHAGE_Endosy_APSE_1_NC_000935(1),PHAGE_Entero_933W_NC_000924(1),PHAGE_Salmon_YSP2_NC_047898(1),PHAGE_Entero_HK542_NC_019769(1),PHAGE_Entero_EK99P_1_NC_024783(1),PHAGE_Psychr_Psymv2_NC_023734(1),PHAGE_Escher_vB_EcoS_IME347_NC_047960(1),PHAGE_Entero_mEp213_NC_019720(1),PHAGE_Cronob_ENT39118_NC_019934(1),PHAGE_Mycoba_BigNuz_NC_023692(1),PHAGE_Haemop_Aaphi23_NC_004827(1),PHAGE_Mycoba_Gaia_NC_026590(1),PHAGE_Mycoba_DS6A_NC_023744(1),PHAGE_Nitrin_1M3_16_NC_024217(1),PHAGE_Pseudo_F10_NC_007805(1),PHAGE_Pseudo_MP29_NC_011613(1),PHAGE_Rhodob_RcapNL_NC_020489(1),PHAGE_Entero_BP_4795_NC_004813(1),PHAGE_Pseudo_vB_PaeS_PM105_NC_028667(1),PHAGE_Brucel_BiPBO1_NC_031264(1),PHAGE_Mycoba_Mufasa_NC_028759(1),PHAGE_Yersin_PY54_NC_005069(1),PHAGE_Escher_PA28_NC_041935(1),PHAGE_Paraco_Shpa_NC_041868(1),PHAGE_Shigel_SfIV_NC_022749(1),PHAGE_Stx2_c_Stx2a_WGPS9_NC_049923(1),PHAGE_Pseudo_YMC11/07/P54_PAE_BP_NC_030909(1),PHAGE_Entero_SfI_NC_027339(1),PHAGE_Bacill_PfEFR_4_NC_048641(1),PHAGE_Xantho_phiL7_NC_012742(1),PHAGE_Burkho_phi52237_NC_007145(1),PHAGE_Pseudo_JBD5_NC_020202(1),PHAGE_Rhodoc_ReqiDocB7_NC_023706(1),PHAGE_Entero_HK022_NC_002166(1),PHAGE_Erwini_vB_EhrS_59_NC_048198(1),PHAGE_Mycoba_Findley_NC_051598(1),PHAGE_Bacter_APSE_2_NC_011551(1),PHAGE_Salmon_SPN3UB_NC_019545(1),PHAGE_Vibrio_VP58.5_NC_027981(1),PHAGE_Pseudo_JD024_NC_024330(1),PHAGE_Vibrio_vB_VpaM_MAR_NC_019722(1),PHAGE_Escher_SRT8_NC_042043(1)",3,9.09%,60.46%,"janth_9,GCA_001678745.2_1||1_partial_1,6718-39467/87529:6216-31602",janth_9,GCA_001678745.2_1||1_partial_1,6718-39467/87529:6216-31602,,,,,,,,,,,,,,,,,
janthino_NCBI_pha.fna,11,14.2Kb,incomplete,10,,0,14,6,8,100%,0,yes,6,"PHAGE_Burkho_vB_BmuP_KL4_NC_047958(2),PHAGE_Haemop_SuMu_NC_019455(1),PHAGE_Pseudo_phi2_NC_030931(1),PHAGE_Pseudo_MD8_NC_031091(1),PHAGE_Entero_mEp460_NC_019716(1),PHAGE_Mannhe_vB_MhM_587AP1_NC_028898(1),PHAGE_Entero_SfV_NC_003444(1),PHAGE_Mannhe_phiMHaA1_NC_008201(1),PHAGE_Shigel_SfII_NC_021857(1),PHAGE_Acinet_vB_AbaS_TRS1_NC_031098(1),PHAGE_Gordon_Bowser_NC_030930(1),PHAGE_Shigel_SfIV_NC_022749(1),PHAGE_Arthro_Maja_NC_048140(1),PHAGE_Entero_cdtI_NC_009514(1),PHAGE_Burkho_KS10_NC_011216(1),PHAGE_Gordon_Hedwig_NC_031099(1)",1,14.28%,57.66%,"janth_10,GCA_001678745.2_1||2_partial_1,1-38038/90789:967-15226",janth_10,GCA_001678745.2_1||2_partial_1,1-38038/90789:967-15226,,,,,,,,,,,,,,,,,
janthino_NCBI_pha.fna,12,30.8Kb,intact,150,"integrase,tail,plate,transposase,lysin,capsid",0,42,31,11,100%,0,no,16,"PHAGE_Burkho_KS14_NC_015273(12),PHAGE_Burkho_KL3_NC_015266(11),PHAGE_Ralsto_RsoM1USA_NC_049432(10),PHAGE_Burkho_phiE202_NC_009234(8),PHAGE_Ralsto_RSA1_NC_009382(8),PHAGE_Pseudo_Dobby_NC_048109(8),PHAGE_Burkho_phiE12_2_NC_009236(6),PHAGE_Pseudo_phiCTX_NC_003278(6),PHAGE_Ralsto_RSY1_NC_025115(6),PHAGE_Burkho_phi52237_NC_007145(6),PHAGE_Burkho_AP3_NC_047752(5),PHAGE_Burkho_KS5_NC_015265(5),PHAGE_Burkho_ST79_NC_021343(4),PHAGE_Stenot_Smp131_NC_023588(3),PHAGE_Salmon_Fels_2_NC_010463(2),PHAGE_Klebsi_ST15_OXA48phi14.1_NC_049454(2),PHAGE_Salmon_SEN4_NC_029015(2),PHAGE_Pseudo_F10_NC_007805(2),PHAGE_Salmon_SEN5_NC_028701(2),PHAGE_Salmon_SEN8_NC_047753(2),PHAGE_Salmon_RE_2010_NC_019488(2),PHAGE_Escher_500465_1_NC_049342(2),PHAGE_Erwini_ENT90_NC_019932(2),PHAGE_Klebsi_4LV2017_NC_047818(1),PHAGE_Rhodof_P26218_NC_029061(1),PHAGE_Acinet_Bphi_B1251_NC_019541(1),PHAGE_Staphy_StauST398_4_NC_023499(1),PHAGE_Klebsi_Seifer_NC_048732(1),PHAGE_Entero_phiT5282H_NC_049429(1),PHAGE_Mannhe_vB_MhS_1152AP2_NC_028956(1),PHAGE_Ralsto_RSL1_NC_010811(1),PHAGE_Acinet_YMC11/11/R3177_NC_041866(1),PHAGE_Staphy_phiPV83_NC_002486(1),PHAGE_Klebsi_ST437_OXA245phi4.1_NC_049448(1),PHAGE_Erwini_vB_EhrS_49_NC_048197(1),PHAGE_Escher_pro483_NC_028943(1),PHAGE_Erwini_EtG_NC_047833(1),PHAGE_Pseudo_PPpW_3_NC_023006(1),PHAGE_Klebsi_ST437_OXA245phi4.2_NC_049449(1),PHAGE_Mannhe_vB_MhS_587AP2_NC_028743(1),PHAGE_Klebsi_ST13_OXA48phi12.1_NC_049453(1),PHAGE_Erwini_vB_EamP_S6_NC_019514(1),PHAGE_Pseudo_PMBT3_NC_047902(1),PHAGE_Pseudo_Lana_NC_048166(1),PHAGE_Salmon_SW9_NC_049459(1),PHAGE_Xylell_Xfas53_NC_013599(1),PHAGE_Klebsi_ST512_KPC3phi13.2_NC_049452(1)",12,28.57%,61.34%,"janth_11,GCA_001678745.2_1||3_partial_1,1-32026/58922:1211-32026",janth_11,GCA_001678745.2_1||3_partial_1,1-32026/58922:1211-32026,,,,,,,,,,,,,,,,,
janthino_NCBI_pha.fna,13,28.6Kb,intact,120,"tail,capsid,lysin,plate",0,38,29,9,100%,0,no,15,"PHAGE_Burkho_KS14_NC_015273(11),PHAGE_Ralsto_RsoM1USA_NC_049432(8),PHAGE_Burkho_KL3_NC_015266(8),PHAGE_Pseudo_Dobby_NC_048109(6),PHAGE_Burkho_phiE12_2_NC_009236(6),PHAGE_Ralsto_RSA1_NC_009382(5),PHAGE_Burkho_phi52237_NC_007145(5),PHAGE_Pseudo_phiCTX_NC_003278(5),PHAGE_Burkho_phiE202_NC_009234(5),PHAGE_Burkho_AP3_NC_047752(5),PHAGE_Burkho_ST79_NC_021343(4),PHAGE_Burkho_KS5_NC_015265(4),PHAGE_Ralsto_RSY1_NC_025115(3),PHAGE_Escher_500465_1_NC_049342(3),PHAGE_Salmon_RE_2010_NC_019488(3),PHAGE_Salmon_SEN8_NC_047753(3),PHAGE_Stenot_Smp131_NC_023588(2),PHAGE_Klebsi_ST512_KPC3phi13.2_NC_049452(2),PHAGE_Klebsi_ST13_OXA48phi12.1_NC_049453(2),PHAGE_Escher_vB_EcoM_ECOO78_NC_041926(2),PHAGE_Pseudo_PPpW_3_NC_023006(2),PHAGE_Escher_vB_EcoM_ep3_NC_025430(2),PHAGE_Vibrio_VHML_NC_004456(1),PHAGE_Pseudo_Lana_NC_048166(1),PHAGE_Escher_P2_NC_041848(1),PHAGE_Faecal_FP_Lagaffe_NC_047911(1),PHAGE_Burkho_Bcep22_NC_005262(1),PHAGE_Vibrio_VP58.5_NC_027981(1),PHAGE_Burkho_DC1_NC_018452(1),PHAGE_Salmon_SP_004_NC_021774(1),PHAGE_Pseudo_PMBT3_NC_047902(1),PHAGE_Salico_CGphi29_NC_020844(1),PHAGE_Escher_vB_EcoM_ECO1230_10_NC_027995(1),PHAGE_Entero_Arya_NC_031048(1),PHAGE_Erwini_vB_EamP_S6_NC_019514(1),PHAGE_Clostr_phiCD27_NC_011398(1),PHAGE_Klebsi_ST437_OXA245phi4.2_NC_049449(1),PHAGE_Entero_PsP3_NC_005340(1),PHAGE_Escher_pro483_NC_028943(1),PHAGE_Pseudo_MP1412_NC_018282(1),PHAGE_Pseudo_M6_NC_007809(1),PHAGE_Pseudo_YuA_NC_010116(1),PHAGE_Acinet_YMC11/11/R3177_NC_041866(1),PHAGE_Ralsto_RSL1_NC_010811(1),PHAGE_Klebsi_ST437_OXA245phi4.1_NC_049448(1),PHAGE_Klebsi_N137_NC_048670(1),PHAGE_Escher_520873_NC_049344(1),PHAGE_Salmon_SEN5_NC_028701(1),PHAGE_Salmon_SEN4_NC_029015(1),PHAGE_Acinet_Bphi_B1251_NC_019541(1),PHAGE_Burkho_phiE255_NC_009237(1),PHAGE_Entero_phiT5282H_NC_049429(1),PHAGE_Klebsi_Seifer_NC_048732(1),PHAGE_Salmon_Fels_2_NC_010463(1),PHAGE_Klebsi_ST15_OXA48phi14.1_NC_049454(1),PHAGE_Klebsi_4LV2017_NC_047818(1),PHAGE_Rhodof_P26218_NC_029061(1)",11,28.94%,61.87%,"janth_14,GCA_001854915.1_12||0_partial_1,9284-38411/74691:505-29128",janth_14,GCA_001854915.1_12||0_partial_1,9284-38411/74691:505-29128,,,,,,,,,,,,,,,,,
janthino_NCBI_pha.fna,14,24.1Kb,questionable,90,"terminase,portal,head,capsid,tail",0,25,16,9,100%,0,no,12,"PHAGE_Burkho_Bcep176_NC_007497(4),PHAGE_Xantho_CP1_NC_019933(3),PHAGE_Pseudo_YMC11/02/R656_NC_028657(3),PHAGE_Xantho_phiL7_NC_012742(3),PHAGE_Salmon_118970_sal3_NC_031940(3),PHAGE_Entero_YYZ_2008_NC_011356(2),PHAGE_Entero_SfI_NC_027339(2),PHAGE_Shigel_SfII_NC_021857(2),PHAGE_Pseudo_phiPMW_NC_041880(2),PHAGE_Escher_SRT8_NC_042043(2),PHAGE_Cronob_phiES15_NC_018454(2),PHAGE_Xantho_Xp10_NC_004902(2),PHAGE_Azospi_Cd_NC_010355(2),PHAGE_Entero_BP_4795_NC_004813(2),PHAGE_Escher_DTL_NC_047893(1),PHAGE_Brucel_BiPBO1_NC_031264(1),PHAGE_Strept_O1205_NC_004303(1),PHAGE_Shigel_SfIV_NC_022749(1),PHAGE_Bacill_phi105_NC_048631(1),PHAGE_Paenib_Vegas_NC_028767(1),PHAGE_Staphy_TEM123_NC_017968(1),PHAGE_Salmon_SP126_NC_042066(1),PHAGE_Pseudo_PS_1_NC_029066(1),PHAGE_Stx2_c_1717_NC_011357(1),PHAGE_Pseudo_H101_NC_029094(1),PHAGE_Entero_mEp235_NC_019708(1),PHAGE_Paenib_Harrison_NC_028746(1),PHAGE_Xantho_Xp15_NC_007024(1),PHAGE_Pseudo_PAJU2_NC_011373(1),PHAGE_Escher_HK578_NC_019724(1),PHAGE_Xantho_Xop411_NC_009543(1),PHAGE_Burkho_KS9_NC_013055(1),PHAGE_Escher_vB_EcoS_G29_2_NC_049822(1),PHAGE_Rhizob_16_3_NC_011103(1),PHAGE_Sodali_SO1_NC_013600(1),PHAGE_Entero_phiP27_NC_003356(1),PHAGE_Escher_vB_EcoS_IME347_NC_047960(1),PHAGE_Entero_c_1_NC_019706(1),PHAGE_Entero_mEp213_NC_019720(1),PHAGE_Altero_vB_AmeM_PT11_V22_NC_048847(1),PHAGE_Xantho_OP1_NC_007709(1),PHAGE_Bacill_phi105_NC_004167(1),PHAGE_Vibrio_pVp_1_NC_019529(1),PHAGE_Salmon_ST64B_NC_004313(1),PHAGE_Burkho_phi1026b_NC_005284(1),PHAGE_Rhodob_RcapNL_NC_020489(1)",3,16%,61.38%,"janth_15,GCA_001854915.1_6||0_partial_1,1-39455/63334:10088-34267",janth_15,GCA_001854915.1_6||0_partial_1,1-39455/63334:10088-34267,,,,,,,,,,,,,,,,,
janthino_NCBI_pha.fna,15,15.7Kb,incomplete,50,"tail,virion,transposase",0,22,15,7,100%,0,no,8,"PHAGE_Pseudo_YMC11/02/R656_NC_028657(8),PHAGE_Pseudo_PS_1_NC_029066(4),PHAGE_Escher_HK639_NC_016158(4),PHAGE_Mannhe_vB_MhS_1152AP2_NC_028956(2),PHAGE_Escher_K1_ind(2)_NC_041898(2),PHAGE_Pseudo_JBD44_NC_030929(2),PHAGE_Raoult_RP180_NC_048181(2),PHAGE_Pectob_ZF40_NC_019522(2),PHAGE_Escher_K1_dep(1)_NC_027994(2),PHAGE_Pseudo_H105/1_NC_015293(2),PHAGE_Entero_phiEap_2_NC_028695(2),PHAGE_Pseudo_phiPSA1_NC_024365(2),PHAGE_Pseudo_PaMx74_NC_028809(2),PHAGE_Idioma_Phi1M2_2_NC_025471(1),PHAGE_Pseudo_PaMx42_NC_028879(1),PHAGE_Acinet_YMC11/11/R3177_NC_041866(1),PHAGE_Pseudo_vB_PaeS_PAO1_Ab18_NC_026594(1),PHAGE_Shewan_3/49_NC_025466(1),PHAGE_Cyanop_KBS_S_2A_NC_020854(1),PHAGE_Ralsto_RSY1_NC_025115(1),PHAGE_Escher_VB_EcoS_Golestan_NC_042084(1),PHAGE_Haemop_Aaphi23_NC_004827(1),PHAGE_Crocei_P2559S_NC_018276(1),PHAGE_Salmon_vB_SosS_Oslo_NC_018279(1),PHAGE_Ralsto_RSA1_NC_009382(1),PHAGE_Pseudo_MP1412_NC_018282(1),PHAGE_Salmon_SPN3UB_NC_019545(1),PHAGE_Pseudo_YuA_NC_010116(1),PHAGE_Vibrio_SSP002_NC_041910(1),PHAGE_Stenot_vB_SmaS_DLP_2_NC_029019(1),PHAGE_Acinet_vB_AbaS_TRS1_NC_031098(1),PHAGE_Sinorh_phiLM21_NC_029046(1),PHAGE_Pseudo_vB_PaeS_SCH_Ab26_NC_024381(1),PHAGE_Acinet_Bphi_B1251_NC_019541(1),PHAGE_Pseudo_vB_Pae_Kakheti25_NC_017864(1),PHAGE_Pseudo_PaMx28_NC_028931(1),PHAGE_Cronob_phiES15_NC_018454(1),PHAGE_Pantoe_vB_PagS_Vid5_NC_042120(1),PHAGE_Vibrio_vB_VpaS_MAR10_NC_019713(1),PHAGE_Endosy_APSE_1_NC_000935(1),PHAGE_Burkho_KL1_NC_018278(1)",8,36.36%,59.77%,"janth_16,GCA_001854915.1_9||0_partial_1,1-68009/115326:19334-35078",janth_16,GCA_001854915.1_9||0_partial_1,1-68009/115326:19334-35078,,,,,,,,,,,,,,,,,
janthino_NCBI_pha.fna,16,16.4Kb,incomplete,60,"portal,tail,integrase",0,18,12,6,100%,0,yes,11,"PHAGE_Acidov_ACP17_NC_041997(2),PHAGE_Ralsto_RSK1_NC_022915(2),PHAGE_Sinorh_phiLM21_NC_029046(2),PHAGE_Pseudo_ZC08_NC_048639(1),PHAGE_Pseudo_PPpW_3_NC_023006(1),PHAGE_Pseudo_AF_NC_019923(1),PHAGE_Nitrin_1M3_16_NC_024217(1),PHAGE_Erwini_vB_EamM_Y2_NC_019504(1),PHAGE_Thalas_BA3_NC_009990(1),PHAGE_Salmon_SPN1S_NC_016761(1),PHAGE_Mannhe_vB_MhS_1152AP2_NC_028956(1),PHAGE_Escher_TL_2011b_NC_019445(1),PHAGE_Ralsto_RSL1_NC_010811(1),PHAGE_Salmon_Fels_1_NC_010391(1),PHAGE_Entero_933W_NC_000924(1),PHAGE_Entero_phi92_NC_023693(1),PHAGE_Caulob_Sansa_NC_047756(1),PHAGE_Pseudo_phiPSA1_NC_024365(1),PHAGE_Cronob_phiES15_NC_018454(1),PHAGE_Escher_vB_EcoM_Schickermooser_NC_048196(1),PHAGE_Stx2_c_Stx2a_F451_NC_049924(1),PHAGE_Pseudo_H66_NC_042342(1),PHAGE_Pseudo_PAJU2_NC_011373(1),PHAGE_Entero_mEp213_NC_019720(1),PHAGE_Vibrio_X29_NC_024369(1),PHAGE_Dickey_vB_DsoM_JA11_NC_048077(1),PHAGE_Iodoba_phiPLPE_NC_011142(1),PHAGE_Mycoba_JoeyJr_NC_051669(1),PHAGE_Erwini_vB_EamM_Yoloswag_NC_047815(1),PHAGE_Dickey_vB_DsoM_JA29_NC_048053(1),PHAGE_Serrat_Parlo_NC_048758(1),PHAGE_Erwini_PEp14_NC_016767(1),PHAGE_Mannhe_vB_MhS_535AP2_NC_028853(1),PHAGE_Phage_Gifsy_2_NC_010393(1),PHAGE_Vibrio_vB_VpaM_MAR_NC_019722(1),PHAGE_Burkho_DC1_NC_018452(1),PHAGE_Mycoba_Myrna_NC_011273(1),PHAGE_Escher_ESCO5_NC_047776(1),PHAGE_Rhodoc_Jace_NC_047974(1),PHAGE_Pseudo_phiCTX_NC_003278(1),PHAGE_Xantho_Carpasina_NC_047962(1),PHAGE_Xantho_XcP1_NC_048147(1),PHAGE_Stx2_c_1717_NC_011357(1),PHAGE_Entero_Tyrion_NC_031077(1),PHAGE_Shigel_Ss_VASD_NC_028685(1),PHAGE_Rhizob_RR1_A_NC_021560(1),PHAGE_Pseudo_ZC03_NC_048638(1),PHAGE_Pseudo_F116_NC_006552(1),PHAGE_Mycoba_OldBen_NC_051693(1),PHAGE_Vibrio_12A4_NC_021068(1),PHAGE_Yersin_PY54_NC_005069(1),PHAGE_Escher_phiV10_NC_007804(1)",2,11.11%,59.02%,"janth_16,GCA_001854915.1_9||0_partial_1,1-68009/115326:51551-68009",janth_16,GCA_001854915.1_9||0_partial_1,1-68009/115326:51551-68009,,,,,,,,,,,,,,,,,
janthino_NCBI_pha.fna,17,9.9Kb,incomplete,50,"integrase,lysin,tail",0,8,6,2,100%,0,yes,5,"PHAGE_Rhodob_RcapMu_NC_016165(2),PHAGE_Persic_P12024S_NC_018271(1),PHAGE_Salmon_aagejoakim_NC_049503(1),PHAGE_Vibrio_Thalassa_NC_042095(1),PHAGE_Altero_vB_AmeM_PT11_V22_NC_048847(1),PHAGE_Erwini_vB_EamM_ChrisDB_NC_031126(1),PHAGE_Bacter_B124_14_NC_016770(1),PHAGE_Pseudo_JBD24_NC_020203(1),PHAGE_Pseudo_JBD93_NC_030918(1),PHAGE_Pseudo_PaBG_NC_022096(1),PHAGE_Burkho_KS9_NC_013055(1),PHAGE_Pseudo_DMS3_NC_008717(1),PHAGE_Pseudo_H101_NC_029094(1),PHAGE_Rhizob_vB_RglS_P106B_NC_023566(1),PHAGE_Pseudo_JBD69_NC_030908(1),PHAGE_Ralsto_RSY1_NC_025115(1),PHAGE_Achrom_83_24_NC_028834(1),PHAGE_Flavob_vB_FspS_hemulen6_1_NC_048833(1),PHAGE_Salmon_Se_J_NC_049497(1),PHAGE_Pseudo_D3112_NC_005178(1),PHAGE_Altero_vB_AmaP_AD45_P1_NC_021532(1),PHAGE_Entero_IME_EFm5_NC_028826(1)",2,25%,62.51%,"janth_17,GCA_001854915.1_9||1_partial_1,1-42870/75042:996-10992",janth_17,GCA_001854915.1_9||1_partial_1,1-42870/75042:996-10992,,,,,,,,,,,,,,,,,
janthino_NCBI_pha.fna,18,27.6Kb,intact,110,"tail,head,capsid,protease,portal,terminase",0,36,24,12,100%,0,no,18,"PHAGE_Burkho_phi1026b_NC_005284(5),PHAGE_Burkho_KS9_NC_013055(4),PHAGE_Burkho_Bcep176_NC_007497(4),PHAGE_Burkho_phiE125_NC_003309(3),PHAGE_Rhizob_16_3_NC_011103(3),PHAGE_Burkho_phi6442_NC_009235(3),PHAGE_Pseudo_YMC11/02/R656_NC_028657(3),PHAGE_Entero_c_1_NC_019706(2),PHAGE_Psychr_Psymv2_NC_023734(2),PHAGE_Xantho_Xp10_NC_004902(2),PHAGE_Xantho_Xop411_NC_009543(2),PHAGE_Cronob_phiES15_NC_018454(2),PHAGE_Entero_BP_4795_NC_004813(2),PHAGE_Pseudo_F10_NC_007805(2),PHAGE_Salmon_ST64B_NC_004313(2),PHAGE_Xantho_OP1_NC_007709(2),PHAGE_Shigel_SfIV_NC_022749(2),PHAGE_Stx2_c_Stx2a_WGPS9_NC_049923(2),PHAGE_Xantho_CP1_NC_019933(2),PHAGE_Entero_mEp235_NC_019708(2),PHAGE_Pseudo_PS_1_NC_029066(2),PHAGE_Entero_HK446_NC_019714(1),PHAGE_Cronob_ENT39118_NC_019934(1),PHAGE_Entero_mEp213_NC_019720(1),PHAGE_Entero_phiP27_NC_003356(1),PHAGE_Entero_EK99P_1_NC_024783(1),PHAGE_Escher_vB_EcoS_IME347_NC_047960(1),PHAGE_Shigel_Sd1_NC_047847(1),PHAGE_Entero_cdtI_NC_009514(1),PHAGE_Entero_933W_NC_000924(1),PHAGE_Sinorh_PBC5_NC_003324(1),PHAGE_Salmon_YSP2_NC_047898(1),PHAGE_Pseudo_phiPSA1_NC_024365(1),PHAGE_Escher_HK578_NC_019724(1),PHAGE_Rhodob_RcapNL_NC_020489(1),PHAGE_Pseudo_MP48_NC_024782(1),PHAGE_Pseudo_MP29_NC_011613(1),PHAGE_Entero_HK544_NC_019767(1),PHAGE_Nitrin_1M3_16_NC_024217(1),PHAGE_Mycoba_Gaia_NC_026590(1),PHAGE_Mycoba_DS6A_NC_023744(1),PHAGE_Pectob_ZF40_NC_019522(1),PHAGE_Erwini_vB_EhrS_49_NC_048197(1),PHAGE_Mycoba_BigNuz_NC_023692(1),PHAGE_Haemop_Aaphi23_NC_004827(1),PHAGE_Pseudo_YMC11/07/P54_PAE_BP_NC_030909(1),PHAGE_Entero_SfI_NC_027339(1),PHAGE_Pseudo_PMG1_NC_016765(1),PHAGE_Escher_PA28_NC_041935(1),PHAGE_Yersin_PY54_NC_005069(1),PHAGE_Arthro_Bridgette_NC_048091(1),PHAGE_Entero_HK97_NC_002167(1),PHAGE_Mycoba_Mufasa_NC_028759(1),PHAGE_Brucel_BiPBO1_NC_031264(1),PHAGE_Aggreg_S1249_NC_013597(1),PHAGE_Pseudo_D3_NC_002484(1),PHAGE_Entero_SfV_NC_003444(1),PHAGE_Escher_HK75_NC_016160(1),PHAGE_Pseudo_vB_PaeS_PM105_NC_028667(1),PHAGE_Salmon_118970_sal3_NC_031940(1),PHAGE_Escher_SRT8_NC_042043(1),PHAGE_Bordet_vB_BbrM_PHB04_NC_047861(1),PHAGE_Pseudo_JD024_NC_024330(1),PHAGE_Paenib_Harrison_NC_028746(1),PHAGE_Salmon_SP126_NC_042066(1),PHAGE_Pseudo_JBD5_NC_020202(1),PHAGE_Lactob_phig1e_NC_004305(1),PHAGE_Paenib_Vegas_NC_028767(1),PHAGE_Gordon_Nymphadora_NC_031061(1),PHAGE_Mycoba_Minerva_NC_026584(1),PHAGE_Arthro_Abidatro_NC_042002(1),PHAGE_Xantho_phiL7_NC_012742(1),PHAGE_Pseudo_phiPMW_NC_041880(1),PHAGE_Entero_mEp460_NC_019716(1)",4,13.88%,59.84%,"janth_17,GCA_001854915.1_9||1_partial_1,1-42870/75042:12360-39964",janth_17,GCA_001854915.1_9||1_partial_1,1-42870/75042:12360-39964,,,,,,,,,,,,,,,,,
janthino_NCBI_pha.fna,19,31.3Kb,intact,150,"integrase,tail,plate,lysin,capsid",0,42,31,11,100%,0,no,17,"PHAGE_Burkho_KL3_NC_015266(10),PHAGE_Ralsto_RsoM1USA_NC_049432(10),PHAGE_Ralsto_RSA1_NC_009382(9),PHAGE_Burkho_KS14_NC_015273(8),PHAGE_Pseudo_Dobby_NC_048109(8),PHAGE_Burkho_phiE202_NC_009234(8),PHAGE_Pseudo_phiCTX_NC_003278(7),PHAGE_Burkho_KS5_NC_015265(6),PHAGE_Burkho_phi52237_NC_007145(6),PHAGE_Burkho_phiE12_2_NC_009236(5),PHAGE_Burkho_AP3_NC_047752(5),PHAGE_Ralsto_RSY1_NC_025115(5),PHAGE_Burkho_ST79_NC_021343(4),PHAGE_Klebsi_ST15_OXA48phi14.1_NC_049454(3),PHAGE_Stenot_Smp131_NC_023588(3),PHAGE_Salmon_RE_2010_NC_019488(3),PHAGE_Salmon_SEN5_NC_028701(2),PHAGE_Escher_pro483_NC_028943(2),PHAGE_Klebsi_4LV2017_NC_047818(2),PHAGE_Salmon_Fels_2_NC_010463(2),PHAGE_Salmon_SEN4_NC_029015(2),PHAGE_Klebsi_ST13_OXA48phi12.1_NC_049453(2),PHAGE_Escher_500465_1_NC_049342(2),PHAGE_Klebsi_ST437_OXA245phi4.1_NC_049448(1),PHAGE_Acinet_YMC11/11/R3177_NC_041866(1),PHAGE_Ralsto_RSL1_NC_010811(1),PHAGE_Salmon_Fels_1_NC_010391(1),PHAGE_Erwini_EtG_NC_047833(1),PHAGE_Burkho_BcepMu_NC_005882(1),PHAGE_Bordet_BPP_1_NC_005357(1),PHAGE_Salmon_SEN8_NC_047753(1),PHAGE_Erwini_vB_EhrS_49_NC_048197(1),PHAGE_Rhodof_P26218_NC_029061(1),PHAGE_Entero_phiT5282H_NC_049429(1),PHAGE_Klebsi_Seifer_NC_048732(1),PHAGE_Burkho_phiE255_NC_009237(1),PHAGE_Cronob_phiES15_NC_018454(1),PHAGE_Acinet_Bphi_B1251_NC_019541(1),PHAGE_Pseudo_PMBT3_NC_047902(1),PHAGE_Burkho_DC1_NC_018452(1),PHAGE_Vibrio_vB_VpaM_MAR_NC_019722(1),PHAGE_Burkho_Bcep22_NC_005262(1),PHAGE_Klebsi_ST512_KPC3phi13.2_NC_049452(1),PHAGE_Pseudo_PS_1_NC_029066(1),PHAGE_Salmon_SW9_NC_049459(1),PHAGE_Phage_Gifsy_2_NC_010393(1),PHAGE_Erwini_ENT90_NC_019932(1),PHAGE_Vibrio_VHML_NC_004456(1),PHAGE_Pseudo_Lana_NC_048166(1),PHAGE_Entero_186_NC_001317(1),PHAGE_Erwini_vB_EamP_S6_NC_019514(1),PHAGE_Salmon_SEN1_NC_029003(1),PHAGE_Burkho_BcepIL02_NC_012743(1)",10,23.80%,60.17%,"janth_18,GCA_006152155.1_12||0_partial_1,1-33543/69519:2242-33543",janth_18,GCA_006152155.1_12||0_partial_1,1-33543/69519:2242-33543,,,,,,,,,,,,,,,,,
janthino_NCBI_pha.fna,20,4.9Kb,incomplete,30,"portal,terminase",0,5,5,0,100%,0,no,3,"PHAGE_Pseudo_YMC11/02/R656_NC_028657(4),PHAGE_Pseudo_JBD44_NC_030929(2),PHAGE_Escher_HK639_NC_016158(2),PHAGE_Pseudo_phiPSA1_NC_024365(2),PHAGE_Acinet_vB_AbaS_TRS1_NC_031098(1),PHAGE_Vibrio_SSP002_NC_041910(1),PHAGE_Idioma_Phi1M2_2_NC_025471(1),PHAGE_Pseudo_PS_1_NC_029066(1),PHAGE_Pseudo_H105/1_NC_015293(1),PHAGE_Pectob_ZF40_NC_019522(1),PHAGE_Cronob_ENT47670_NC_019927(1),PHAGE_Vibrio_vB_VpaS_MAR10_NC_019713(1),PHAGE_Pseudo_PaMx74_NC_028809(1),PHAGE_Pseudo_PaMx28_NC_028931(1),PHAGE_Cronob_phiES15_NC_018454(1),PHAGE_Salmon_vB_SosS_Oslo_NC_018279(1)",2,80%,61.75%,"janth_19,GCA_006152155.1_1||0_partial_1,1-68516/82919:30400-35364",janth_19,GCA_006152155.1_1||0_partial_1,1-68516/82919:30400-35364,,,,,,,,,,,,,,,,,
janthino_NCBI_pha.fna,21,17.3Kb,incomplete,30,"tail,integrase",0,15,10,5,100%,0,yes,8,"PHAGE_Pseudo_F116_NC_006552(3),PHAGE_Pseudo_PMG1_NC_016765(2),PHAGE_Arthro_KBurrousTX_NC_049442(2),PHAGE_Arthro_vB_ArtM_ArV1_NC_026606(2),PHAGE_Arthro_Colucci_NC_042000(2),PHAGE_Acidov_ACP17_NC_041997(2),PHAGE_Arthro_PrincessTrina_NC_042053(2),PHAGE_Pseudo_H66_NC_042342(2),PHAGE_Sinorh_phiLM21_NC_029046(1),PHAGE_Salmon_SJ46_NC_031129(1),PHAGE_Staphy_phiRS7_NC_022914(1),PHAGE_Vibrio_12A4_NC_021068(1),PHAGE_Arthro_DrYang_NC_049489(1),PHAGE_Escher_phiV10_NC_007804(1),PHAGE_Pseudo_vB_PaeP_Tr60_Ab31_NC_023575(1),PHAGE_Pseudo_D3_NC_002484(1),PHAGE_Entero_Tyrion_NC_031077(1),PHAGE_Escher_RCS47_NC_042128(1),PHAGE_Pseudo_YMC11/02/R656_NC_028657(1),PHAGE_Caulob_Sansa_NC_047756(1),PHAGE_Entero_mEpX2_NC_019705(1),PHAGE_Entero_HK140_NC_019710(1),PHAGE_Ralsto_RSK1_NC_022915(1),PHAGE_Escher_TL_2011b_NC_019445(1),PHAGE_Thalas_BA3_NC_009990(1),PHAGE_Vibrio_SHOU24_NC_023569(1),PHAGE_Mannhe_vB_MhS_1152AP2_NC_028956(1),PHAGE_Salmon_SPN1S_NC_016761(1),PHAGE_Xantho_XcP1_NC_048147(1),PHAGE_Ralsto_RSL1_NC_010811(1),PHAGE_Xantho_Carpasina_NC_047962(1),PHAGE_Synech_S_TIP37_NC_048026(1),PHAGE_Arthro_Lymara_NC_049471(1),PHAGE_Pseudo_PS_1_NC_029066(1),PHAGE_Pseudo_AF_NC_019923(1),PHAGE_Mannhe_vB_MhS_535AP2_NC_028853(1),PHAGE_Escher_vB_EcoM_4HA13_NC_049466(1)",3,20%,60.05%,"janth_19,GCA_006152155.1_1||0_partial_1,1-68516/82919:51194-68516",janth_19,GCA_006152155.1_1||0_partial_1,1-68516/82919:51194-68516,,,,,,,,,,,,,,,,,
janthino_NCBI_pha.fna,22,14.5Kb,incomplete,20,tail,0,14,9,5,100%,0,yes,8,"PHAGE_Pseudo_YMC11/07/P54_PAE_BP_NC_030909(3),PHAGE_Pseudo_PMG1_NC_016765(2),PHAGE_Pseudo_F116_NC_006552(2),PHAGE_Arthro_Bridgette_NC_048091(1),PHAGE_Burkho_vB_BmuP_KL4_NC_047958(1),PHAGE_Mycoba_OldBen_NC_051693(1),PHAGE_Mycoba_JoeyJr_NC_051669(1),PHAGE_Vibrio_X29_NC_024369(1),PHAGE_Sinorh_phiLM21_NC_029046(1),PHAGE_Acinet_vB_AbaS_TRS1_NC_031098(1),PHAGE_Salmon_SJ46_NC_031129(1),PHAGE_Mycoba_Courthouse_NC_023690(1),PHAGE_Pseudo_phiPSA1_NC_024365(1),PHAGE_Burkho_BcepIL02_NC_012743(1),PHAGE_Pseudo_phi297_NC_016762(1),PHAGE_Acinet_phiAC_1_NC_028995(1),PHAGE_Pseudo_D3_NC_002484(1),PHAGE_Pseudo_YMC11/02/R656_NC_028657(1),PHAGE_Mycoba_Mufasa_NC_028759(1),PHAGE_Burkho_Bcep22_NC_005262(1),PHAGE_Arthro_Maja_NC_048140(1),PHAGE_Burkho_DC1_NC_018452(1),PHAGE_Burkho_BcepMigl_NC_019917(1),PHAGE_Mycoba_BodEinwohner17_NC_051637(1),PHAGE_Pseudo_JBD44_NC_030929(1),PHAGE_Arthro_Judy_NC_048095(1),PHAGE_Pseudo_PMBT3_NC_047902(1),PHAGE_Mycoba_Myrna_NC_011273(1),PHAGE_Arthro_Abidatro_NC_042002(1),PHAGE_Arthro_Constance_NC_048092(1),PHAGE_Pectob_ZF40_NC_019522(1),PHAGE_Mycoba_Gaia_NC_026590(1),PHAGE_Mycoba_DS6A_NC_023744(1)",2,21.42%,60.49%,"janth_21,GCA_008757015.1_1||0_partial_1,1-41866/68346:1043-15616",janth_21,GCA_008757015.1_1||0_partial_1,1-41866/68346:1043-15616,,,,,,,,,,,,,,,,,
janthino_NCBI_pha.fna,23,14.8Kb,incomplete,30,tail,0,16,12,4,100%,0,no,5,"PHAGE_Burkho_Bcep176_NC_007497(8),PHAGE_Brucel_BiPBO1_NC_031264(4),PHAGE_Entero_YYZ_2008_NC_011356(3),PHAGE_Xantho_phiL7_NC_012742(3),PHAGE_Stx2_c_1717_NC_011357(2),PHAGE_Entero_mEp235_NC_019708(2),PHAGE_Salmon_118970_sal3_NC_031940(2),PHAGE_Entero_BP_4795_NC_004813(2),PHAGE_Xantho_CP1_NC_019933(1),PHAGE_Pseudo_PAJU2_NC_011373(1),PHAGE_Salico_CGphi29_NC_020844(1),PHAGE_Pantoe_vB_PagS_Vid5_NC_042120(1),PHAGE_Entero_SfV_NC_003444(1),PHAGE_Liston_phiHSIC_NC_006953(1),PHAGE_Pseudo_JBD93_NC_030918(1),PHAGE_Entero_mEp390_NC_019721(1),PHAGE_Vibrio_pYD38_B_NC_021561(1),PHAGE_Cronob_ENT39118_NC_019934(1),PHAGE_Pseudo_PMG1_NC_016765(1),PHAGE_Shigel_SfIV_NC_022749(1),PHAGE_Bacill_phi105_NC_048631(1),PHAGE_Bacill_phi105_NC_004167(1),PHAGE_Clostr_phiCD6356_NC_015262(1),PHAGE_Salmon_ST64B_NC_004313(1),PHAGE_Strept_mu1/6_NC_007967(1),PHAGE_Mannhe_vB_MhS_1152AP2_NC_028956(1),PHAGE_Escher_ECP1_NC_049926(1),PHAGE_Staphy_187_NC_007047(1),PHAGE_Burkho_phi1026b_NC_005284(1)",8,50%,62.27%,"janth_21,GCA_008757015.1_1||0_partial_1,1-41866/68346:15515-30372",janth_21,GCA_008757015.1_1||0_partial_1,1-41866/68346:15515-30372,,,,,,,,,,,,,,,,,
janthino_NCBI_pha.fna,24,19.8Kb,incomplete,30,"tail,integrase",0,11,6,5,100%,0,yes,6,"PHAGE_Salmon_PVP_SE1_NC_016071(2),PHAGE_Acinet_vB_AbaM_ME3_NC_041884(2),PHAGE_Pseudo_JBD93_NC_030918(1),PHAGE_Burkho_BcepC6B_NC_005887(1),PHAGE_Pseudo_JBD88a_NC_020200(1),PHAGE_Klebsi_vB_KpnS_Alina_NC_049837(1),PHAGE_Pseudo_JBD24_NC_020203(1),PHAGE_Pseudo_phiPSA1_NC_024365(1),PHAGE_Vibrio_Thalassa_NC_042095(1),PHAGE_Escher_phiV10_NC_007804(1),PHAGE_Klebsi_NJS1_NC_048024(1),PHAGE_Klebsi_NJS2_NC_048043(1),PHAGE_Klebsi_vB_KpnS_IMGroot_NC_049834(1),PHAGE_Salmon_SSE_121_NC_027351(1),PHAGE_Campyl_CP21_NC_019507(1),PHAGE_Klebsi_vB_KpnM_BIS47_NC_048656(1),PHAGE_Proteu_PM135_NC_042090(1),PHAGE_Altero_vB_AmaP_AD45_P1_NC_021532(1),PHAGE_Salmon_vB_SosS_Oslo_NC_018279(1),PHAGE_Pseudo_phiPMW_NC_041880(1),PHAGE_Klebsi_vB_KpnS_Domnhall_NC_049835(1),PHAGE_Pseudo_DMS3_NC_008717(1),PHAGE_Escher_TL_2011b_NC_019445(1),PHAGE_Vibrio_Ceto_NC_042094(1)",1,18.18%,61.54%,"janth_21,GCA_008757015.1_1||0_partial_1,1-41866/68346:20718-40525",janth_21,GCA_008757015.1_1||0_partial_1,1-41866/68346:20718-40525,,,,,,,,,,,,,,,,,
janthino_NCBI_pha.fna,25,39Kb,intact,150,"head,tail,plate,lysis,lysin,capsid",1,47,33,14,100%,0,yes,17,"PHAGE_Burkho_KL3_NC_015266(11),PHAGE_Ralsto_RsoM1USA_NC_049432(10),PHAGE_Burkho_KS14_NC_015273(9),PHAGE_Ralsto_RSA1_NC_009382(8),PHAGE_Ralsto_RSY1_NC_025115(6),PHAGE_Pseudo_Dobby_NC_048109(6),PHAGE_Burkho_phi52237_NC_007145(6),PHAGE_Burkho_KS5_NC_015265(6),PHAGE_Pseudo_phiCTX_NC_003278(5),PHAGE_Burkho_phiE12_2_NC_009236(5),PHAGE_Burkho_AP3_NC_047752(5),PHAGE_Burkho_phiE202_NC_009234(4),PHAGE_Salmon_Fels_2_NC_010463(4),PHAGE_Burkho_ST79_NC_021343(3),PHAGE_Escher_500465_1_NC_049342(3),PHAGE_Salmon_RE_2010_NC_019488(3),PHAGE_Salmon_SEN8_NC_047753(3),PHAGE_Stenot_Smp131_NC_023588(2),PHAGE_Klebsi_ST13_OXA48phi12.1_NC_049453(2),PHAGE_Salmon_SEN5_NC_028701(2),PHAGE_Pseudo_F10_NC_007805(2),PHAGE_Klebsi_4LV2017_NC_047818(2),PHAGE_Klebsi_ST15_OXA48phi14.1_NC_049454(2),PHAGE_Salmon_SEN4_NC_029015(2),PHAGE_Pseudo_PMBT3_NC_047902(1),PHAGE_Burkho_DC1_NC_018452(1),PHAGE_Vibrio_vB_VpaM_MAR_NC_019722(1),PHAGE_Vibrio_VP58.5_NC_027981(1),PHAGE_Burkho_Bcep22_NC_005262(1),PHAGE_Xylell_Xfas53_NC_013599(1),PHAGE_Klebsi_ST512_KPC3phi13.2_NC_049452(1),PHAGE_Escher_P2_NC_041848(1),PHAGE_Vibrio_VHML_NC_004456(1),PHAGE_Pseudo_Lana_NC_048166(1),PHAGE_Mannhe_vB_MhS_587AP2_NC_028743(1),PHAGE_Entero_186_NC_001317(1),PHAGE_Erwini_vB_EamP_S6_NC_019514(1),PHAGE_Escher_vB_EcoM_ECO1230_10_NC_027995(1),PHAGE_Salmon_SEN1_NC_029003(1),PHAGE_Escher_520873_NC_049344(1),PHAGE_Burkho_phi1026b_NC_005284(1),PHAGE_Klebsi_ST437_OXA245phi4.1_NC_049448(1),PHAGE_Burkho_phi6442_NC_009235(1),PHAGE_Acinet_YMC11/11/R3177_NC_041866(1),PHAGE_Ralsto_RSL1_NC_010811(1),PHAGE_Escher_vB_EcoM_ECOO78_NC_041926(1),PHAGE_Pseudo_YuA_NC_010116(1),PHAGE_Escher_pro483_NC_028943(1),PHAGE_Erwini_vB_EhrS_49_NC_048197(1),PHAGE_Bacill_SP_15_NC_031245(1),PHAGE_Rhodof_P26218_NC_029061(1),PHAGE_Bacill_G_NC_023719(1),PHAGE_Burkho_phiE125_NC_003309(1),PHAGE_Entero_phiT5282H_NC_049429(1),PHAGE_Klebsi_Seifer_NC_048732(1),PHAGE_Burkho_KS9_NC_013055(1),PHAGE_Klebsi_ST16_OXA48phi5.4_NC_049450(1),PHAGE_Burkho_phiE255_NC_009237(1),PHAGE_Acinet_Bphi_B1251_NC_019541(1)",11,23.40%,59.29%,"janth_23,GCA_011601275.1_44||0_partial_1,1-39088/65637:1-39088",janth_23,GCA_011601275.1_44||0_partial_1,1-39088/65637:1-39088,,,,,,,,,,,,,,,,,
janthino_NCBI_pha.fna,26,22.9Kb,incomplete,60,"tail,virion",0,20,16,4,100%,0,no,12,"PHAGE_Escher_HK639_NC_016158(5),PHAGE_Pseudo_YMC11/02/R656_NC_028657(5),PHAGE_Pseudo_PaMx74_NC_028809(3),PHAGE_Pseudo_PS_1_NC_029066(3),PHAGE_Vibrio_SSP002_NC_041910(2),PHAGE_Idioma_Phi1M2_2_NC_025471(2),PHAGE_Burkho_KL1_NC_018278(2),PHAGE_Mannhe_vB_MhS_1152AP2_NC_028956(2),PHAGE_Escher_Envy_NC_031081(1),PHAGE_Vibrio_pYD38_B_NC_021561(1),PHAGE_Shewan_1/44_NC_025463(1),PHAGE_Sinorh_phiLM21_NC_029046(1),PHAGE_Pseudo_vB_PaeS_SCH_Ab26_NC_024381(1),PHAGE_Pseudo_PaMx28_NC_028931(1),PHAGE_Vibrio_vB_VpaS_MAR10_NC_019713(1),PHAGE_Pseudo_EL_NC_007623(1),PHAGE_Pantoe_vB_PagS_Vid5_NC_042120(1),PHAGE_Salico_CGphi29_NC_020844(1),PHAGE_Liston_phiHSIC_NC_006953(1),PHAGE_Vibrio_VpKK5_NC_026610(1),PHAGE_Vibrio_Ceto_NC_042094(1),PHAGE_Proteu_Stubb_NC_048086(1),PHAGE_Shewan_3/49_NC_025466(1),PHAGE_Cyanop_KBS_S_2A_NC_020854(1),PHAGE_Crocei_P2559S_NC_018276(1),PHAGE_Proteu_PM135_NC_042090(1),PHAGE_Pseudo_H105/1_NC_015293(1),PHAGE_Iodoba_phiPLPE_NC_011142(1),PHAGE_Provid_vB_PreS_PR1_NC_041913(1),PHAGE_Vibrio_Thalassa_NC_042095(1),PHAGE_Stenot_vB_SmaS_DLP_2_NC_029019(1),PHAGE_Acinet_vB_AbaS_TRS1_NC_031098(1),PHAGE_Entero_phiEap_2_NC_028695(1),PHAGE_Pseudo_phiPSA1_NC_024365(1),PHAGE_Cronob_phiES15_NC_018454(1),PHAGE_Acinet_Bphi_B1251_NC_019541(1),PHAGE_Pseudo_vB_Pae_Kakheti25_NC_017864(1),PHAGE_Pseudo_PaMx42_NC_028879(1),PHAGE_Rhizob_vB_RglS_P106B_NC_023566(1),PHAGE_Acinet_YMC11/11/R3177_NC_041866(1),PHAGE_Escher_K1_ind(2)_NC_041898(1),PHAGE_Escher_VB_EcoS_Golestan_NC_042084(1),PHAGE_Raoult_RP180_NC_048181(1),PHAGE_Altero_vB_AmaP_AD45_P1_NC_021532(1),PHAGE_Escher_K1_dep(1)_NC_027994(1)",5,25%,61.12%,"janth_24,GCA_011601275.1_9||0_partial_1,1-64276/78853:8258-31204",janth_24,GCA_011601275.1_9||0_partial_1,1-64276/78853:8258-31204,,,,,,,,,,,,,,,,,
janthino_NCBI_pha.fna,27,23Kb,incomplete,20,integrase,0,15,12,3,100%,0,yes,10,"PHAGE_Sinorh_phiLM21_NC_029046(3),PHAGE_Arthro_Lymara_NC_049471(2),PHAGE_Arthro_Colucci_NC_042000(2),PHAGE_Pseudo_F116_NC_006552(2),PHAGE_Pseudo_H66_NC_042342(2),PHAGE_Arthro_PrincessTrina_NC_042053(2),PHAGE_Pseudo_PMG1_NC_016765(2),PHAGE_Arthro_KBurrousTX_NC_049442(2),PHAGE_Arthro_vB_ArtM_ArV1_NC_026606(2),PHAGE_Eggert_PMBT5_NC_048022(1),PHAGE_Synech_S_TIP37_NC_048026(1),PHAGE_Vibrio_VHML_NC_004456(1),PHAGE_Escher_SH2026Stx1_NC_049919(1),PHAGE_Pseudo_AF_NC_019923(1),PHAGE_Mycoba_BodEinwohner17_NC_051637(1),PHAGE_Ralsto_RSK1_NC_022915(1),PHAGE_Burkho_BcepMigl_NC_019917(1),PHAGE_Burkho_DC1_NC_018452(1),PHAGE_Mycoba_Myrna_NC_011273(1),PHAGE_Pseudo_JBD44_NC_030929(1),PHAGE_Salmon_SPN1S_NC_016761(1),PHAGE_Mycoba_Frankie_NC_051660(1),PHAGE_Burkho_Bcep22_NC_005262(1),PHAGE_Deep_s_D6E_NC_019544(1),PHAGE_Pseudo_D3_NC_002484(1),PHAGE_Pseudo_YMC11/02/R656_NC_028657(1),PHAGE_Erwini_vB_EamP_S6_NC_019514(1),PHAGE_Entero_933W_NC_000924(1),PHAGE_Acidov_ACP17_NC_041997(1),PHAGE_Stx2_c_Stx2a_F451_NC_049924(1),PHAGE_Burkho_BcepIL02_NC_012743(1),PHAGE_Pseudo_phiPSA1_NC_024365(1),PHAGE_Shigel_Stx_NC_029120(1),PHAGE_Paraco_Shpa_NC_041868(1),PHAGE_Vibrio_X29_NC_024369(1),PHAGE_Pseudo_YMC11/07/P54_PAE_BP_NC_030909(1),PHAGE_Mycoba_OldBen_NC_051693(1),PHAGE_Vibrio_12A4_NC_021068(1),PHAGE_Geobac_E2_NC_009552(1),PHAGE_Mycoba_JoeyJr_NC_051669(1),PHAGE_Pseudo_vB_PaeP_Tr60_Ab31_NC_023575(1)",3,20%,60.75%,"janth_24,GCA_011601275.1_9||0_partial_1,1-64276/78853:41200-64276",janth_24,GCA_011601275.1_9||0_partial_1,1-64276/78853:41200-64276,,,,,,,,,,,,,,,,,
janthino_NCBI_pha.fna,28,24.9Kb,incomplete,20,integrase,0,19,9,10,100%,0,yes,8,"PHAGE_Entero_BP_4795_NC_004813(2),PHAGE_Burkho_Bcep176_NC_007497(2),PHAGE_Xantho_phiL7_NC_012742(2),PHAGE_Acinet_YMC11/11/R3177_NC_041866(1),PHAGE_Stx2_c_1717_NC_011357(1),PHAGE_Mycoba_Ariel_NC_028876(1),PHAGE_Arthro_Judy_NC_048095(1),PHAGE_Bacill_phi105_NC_004167(1),PHAGE_Arthro_Constance_NC_048092(1),PHAGE_Mycoba_DS6A_NC_023744(1),PHAGE_Mycoba_Gaia_NC_026590(1),PHAGE_Entero_VT2phi_272_NC_028656(1),PHAGE_Escher_PA28_NC_041935(1),PHAGE_Mycoba_JoeyJr_NC_051669(1),PHAGE_Gordon_Bantam_NC_031074(1),PHAGE_Arthro_Bridgette_NC_048091(1),PHAGE_Geobac_E2_NC_009552(1),PHAGE_Mycoba_OldBen_NC_051693(1),PHAGE_Entero_YYZ_2008_NC_011356(1),PHAGE_Sinorh_phiLM21_NC_029046(1),PHAGE_Entero_SfI_NC_027339(1),PHAGE_Pseudo_YMC11/07/P54_PAE_BP_NC_030909(1),PHAGE_Stx2_c_Stx2a_WGPS9_NC_049923(1),PHAGE_Bacill_phi105_NC_048631(1),PHAGE_Pseudo_PAJU2_NC_011373(1),PHAGE_Shigel_Stx_NC_029120(1),PHAGE_Pseudo_H66_NC_042342(1),PHAGE_Mycoba_Courthouse_NC_023690(1),PHAGE_Pseudo_F116_NC_006552(1),PHAGE_Acinet_Bphi_B1251_NC_019541(1),PHAGE_Pseudo_phi297_NC_016762(1),PHAGE_Escher_P13374_NC_018846(1),PHAGE_Achole_L2_NC_001447(1),PHAGE_Entero_933W_NC_000924(1),PHAGE_Escher_ArgO145_NC_049918(1),PHAGE_Shigel_POCJ13_NC_025434(1),PHAGE_Pseudo_YMC11/02/R656_NC_028657(1),PHAGE_Mycoba_Mufasa_NC_028759(1)",2,10.52%,60.54%,"janth_25,GCA_013372045.1_1||0_partial_1,4013-49323/59817:1027-25930",janth_25,GCA_013372045.1_1||0_partial_1,4013-49323/59817:1027-25930,,,,,,,,,,,,,,,,,
janthino_NCBI_pha.fna,29,32.7Kb,incomplete,60,"tail,integrase",0,28,17,11,100%,0,yes,10,"PHAGE_Burkho_Bcep176_NC_007497(6),PHAGE_Brucel_BiPBO1_NC_031264(4),PHAGE_Burkho_phi1026b_NC_005284(3),PHAGE_Burkho_KS9_NC_013055(3),PHAGE_Mannhe_vB_MhS_1152AP2_NC_028956(2),PHAGE_Burkho_phiE125_NC_003309(2),PHAGE_Salmon_PVP_SE1_NC_016071(2),PHAGE_Entero_mEp235_NC_019708(2),PHAGE_Xantho_phiL7_NC_012742(2),PHAGE_Pseudo_JBD93_NC_030918(2),PHAGE_Entero_BP_4795_NC_004813(1),PHAGE_Burkho_phi6442_NC_009235(1),PHAGE_Tsukam_TPA2_NC_015210(1),PHAGE_Clostr_phiCD6356_NC_015262(1),PHAGE_Salmon_SSE_121_NC_027351(1),PHAGE_Salmon_ST64B_NC_004313(1),PHAGE_Altero_vB_AmaP_AD45_P1_NC_021532(1),PHAGE_Entero_phiP27_NC_003356(1),PHAGE_Pseudo_B3_NC_006548(1),PHAGE_Vibrio_Thalassa_NC_042095(1),PHAGE_Rhodoc_ReqiPine5_NC_023722(1),PHAGE_Klebsi_NJR15_NC_048044(1),PHAGE_Burkho_AP3_NC_047752(1),PHAGE_Pseudo_phiPSA1_NC_024365(1),PHAGE_Salmon_118970_sal3_NC_031940(1),PHAGE_Ralsto_RSY1_NC_025115(1),PHAGE_Vibrio_VP882_NC_009016(1),PHAGE_Cronob_vB_CsaM_GAP31_NC_019400(1),PHAGE_Proteu_Stubb_NC_048086(1),PHAGE_Strept_mu1/6_NC_007967(1),PHAGE_Pseudo_DMS3_NC_008717(1),PHAGE_Vibrio_Ceto_NC_042094(1),PHAGE_Klebsi_TAH8_NC_048042(1),PHAGE_Proteu_PM135_NC_042090(1),PHAGE_Pseudo_D3112_NC_005178(1),PHAGE_Vibrio_pYD38_B_NC_021561(1),PHAGE_Shigel_SfIV_NC_022749(1),PHAGE_Klebsi_NJS1_NC_048024(1),PHAGE_Klebsi_NJS2_NC_048043(1),PHAGE_Entero_YYZ_2008_NC_011356(1),PHAGE_Klebsi_vB_KpnS_Alina_NC_049837(1),PHAGE_Pseudo_D3_NC_002484(1),PHAGE_Pseudo_JBD24_NC_020203(1),PHAGE_Xantho_CP1_NC_019933(1),PHAGE_Salico_CGphi29_NC_020844(1),PHAGE_Pantoe_vB_PagS_Vid5_NC_042120(1),PHAGE_Gordon_Sour_NC_042132(1),PHAGE_Entero_SfV_NC_003444(1)",6,21.42%,60.48%,"janth_25,GCA_013372045.1_1||0_partial_1,4013-49323/59817:7906-40635",janth_25,GCA_013372045.1_1||0_partial_1,4013-49323/59817:7906-40635,,,,,,,,,,,,,,,,,
janthino_NCBI_pha.fna,30,9.9Kb,incomplete,30,"integrase,tail",0,15,11,4,100%,0,no,9,"PHAGE_Pseudo_F116_NC_006552(3),PHAGE_Sinorh_phiLM21_NC_029046(2),PHAGE_Pseudo_H66_NC_042342(2),PHAGE_Pseudo_JBD44_NC_030929(1),PHAGE_Burkho_DC1_NC_018452(1),PHAGE_Burkho_BcepMigl_NC_019917(1),PHAGE_Ralsto_RSK1_NC_022915(1),PHAGE_Vibrio_vB_VpaM_MAR_NC_019722(1),PHAGE_Salmon_Fels_1_NC_010391(1),PHAGE_Burkho_Bcep22_NC_005262(1),PHAGE_Nitrin_1M3_16_NC_024217(1),PHAGE_Escher_ESCO5_NC_047776(1),PHAGE_Mycoba_Frankie_NC_051660(1),PHAGE_Pseudo_phiCTX_NC_003278(1),PHAGE_Vibrio_SHOU24_NC_023569(1),PHAGE_Pseudo_PS_1_NC_029066(1),PHAGE_Eggert_PMBT5_NC_048022(1),PHAGE_Phage_Gifsy_2_NC_010393(1),PHAGE_Pseudo_AF_NC_019923(1),PHAGE_Erwini_PEp14_NC_016767(1),PHAGE_Salmon_SJ46_NC_031129(1),PHAGE_Vibrio_X29_NC_024369(1),PHAGE_Paraco_Shpa_NC_041868(1),PHAGE_Entero_mEp213_NC_019720(1),PHAGE_Caulob_CcrSC_NC_048048(1),PHAGE_Pseudo_vB_PaeP_Tr60_Ab31_NC_023575(1),PHAGE_Iodoba_phiPLPE_NC_011142(1),PHAGE_Yersin_PY54_NC_005069(1),PHAGE_Geobac_E2_NC_009552(1),PHAGE_Escher_RCS47_NC_042128(1),PHAGE_Shigel_Ss_VASD_NC_028685(1),PHAGE_Deep_s_D6E_NC_019544(1),PHAGE_Entero_mEpX2_NC_019705(1),PHAGE_Entero_HK140_NC_019710(1),PHAGE_Pseudo_phiPSA1_NC_024365(1),PHAGE_Burkho_BcepIL02_NC_012743(1),PHAGE_Cronob_phiES15_NC_018454(1),PHAGE_Acidov_ACP17_NC_041997(1),PHAGE_Entero_phi92_NC_023693(1)",3,20%,62.17%,"janth_28,GCA_013372065.1_1||0_partial_1,1265-66471/157593:191-10187",janth_28,GCA_013372065.1_1||0_partial_1,1265-66471/157593:191-10187,,,,,,,,,,,,,,,,,
janthino_NCBI_pha.fna,31,15.5Kb,incomplete,50,"virion,tail",0,17,12,5,100%,0,no,11,"PHAGE_Mannhe_vB_MhS_1152AP2_NC_028956(2),PHAGE_Pseudo_YMC11/02/R656_NC_028657(2),PHAGE_Pseudo_PS_1_NC_029066(2),PHAGE_Stenot_vB_SmaS_DLP_2_NC_029019(1),PHAGE_Stx2_II_NC_004914(1),PHAGE_Vibrio_Thalassa_NC_042095(1),PHAGE_Entero_VT2_Sakai_NC_000902(1),PHAGE_Endosy_APSE_1_NC_000935(1),PHAGE_Pseudo_vB_Pae_Kakheti25_NC_017864(1),PHAGE_Cronob_phiES15_NC_018454(1),PHAGE_Pseudo_vB_PaeS_PAO1_Ab18_NC_026594(1),PHAGE_Pseudo_PaMx42_NC_028879(1),PHAGE_Salmon_ST160_NC_014900(1),PHAGE_Pseudo_73_NC_007806(1),PHAGE_Pseudo_vB_PaeS_PAO1_Ab19_NC_042115(1),PHAGE_Altero_vB_AmaP_AD45_P1_NC_021532(1),PHAGE_Salmon_ST64T_NC_004348(1),PHAGE_Haemop_Aaphi23_NC_004827(1),PHAGE_Pseudo_vB_PaeS_SCH_Ab26_NC_024381(1),PHAGE_Vibrio_pYD38_B_NC_021561(1),PHAGE_Dinoro_vB_DshS_R5C_NC_041921(1),PHAGE_Escher_PA28_NC_041935(1),PHAGE_Salmon_vB_SenS_AG11_NC_041991(1),PHAGE_Escher_RCS47_NC_042128(1),PHAGE_Liston_phiHSIC_NC_006953(1),PHAGE_Salico_CGphi29_NC_020844(1),PHAGE_Salmon_SE1_NC_011802(1),PHAGE_Escher_HK639_NC_016158(1),PHAGE_Pseudo_PaMx74_NC_028809(1),PHAGE_Salmon_epsilon34_NC_011976(1),PHAGE_Pseudo_PaMx28_NC_028931(1),PHAGE_Shewan_3/49_NC_025466(1),PHAGE_Salmon_vB_SemP_Emek_NC_018275(1),PHAGE_Stx2_c_1717_NC_011357(1),PHAGE_Proteu_Stubb_NC_048086(1),PHAGE_Vibrio_Ceto_NC_042094(1),PHAGE_Salmon_SPN3UB_NC_019545(1),PHAGE_Salmon_LSPA1_NC_026017(1),PHAGE_Proteu_PM135_NC_042090(1),PHAGE_Plankt_PaV_LD_NC_016564(1),PHAGE_Burkho_phi52237_NC_007145(1),PHAGE_Ralsto_RSA1_NC_009382(1),PHAGE_Crocei_P2559S_NC_018276(1)",2,11.76%,59.40%,"janth_28,GCA_013372065.1_1||0_partial_1,1265-66471/157593:41669-57210",janth_28,GCA_013372065.1_1||0_partial_1,1265-66471/157593:41669-57210,,,,,,,,,,,,,,,,,
janthino_NCBI_pha.fna,32,34.6Kb,intact,100,"tail,virion,head",0,40,23,17,100%,0,no,20,"PHAGE_Escher_HK639_NC_016158(4),PHAGE_Pseudo_YMC11/02/R656_NC_028657(4),PHAGE_Pseudo_PS_1_NC_029066(3),PHAGE_Mannhe_vB_MhS_1152AP2_NC_028956(3),PHAGE_Salico_CGphi29_NC_020844(2),PHAGE_Pseudo_PaMx74_NC_028809(2),PHAGE_Pseudo_F116_NC_006552(2),PHAGE_Pseudo_PaMx28_NC_028931(2),PHAGE_Vibrio_SSP002_NC_041910(2),PHAGE_Mannhe_vB_MhS_587AP2_NC_028743(2),PHAGE_Mannhe_vB_MhS_535AP2_NC_028853(2),PHAGE_Idioma_Phi1M2_2_NC_025471(2),PHAGE_Burkho_Bcep22_NC_005262(2),PHAGE_Shewan_3/49_NC_025466(2),PHAGE_Cronob_phiES15_NC_018454(2),PHAGE_Arthro_PrincessTrina_NC_042053(1),PHAGE_Pseudo_EL_NC_007623(1),PHAGE_Pantoe_vB_PagS_Vid5_NC_042120(1),PHAGE_Vibrio_vB_VpaS_MAR10_NC_019713(1),PHAGE_Burkho_BcepIL02_NC_012743(1),PHAGE_Mycoba_GreaseLightnin_NC_051731(1),PHAGE_Vibrio_VpKK5_NC_026610(1),PHAGE_Sulfit_NYA_2014a_NC_027299(1),PHAGE_Liston_phiHSIC_NC_006953(1),PHAGE_Acinet_AbP2_NC_041998(1),PHAGE_Arthro_vB_ArtM_ArV1_NC_026606(1),PHAGE_Escher_phiV10_NC_007804(1),PHAGE_Yersin_PY54_NC_005069(1),PHAGE_Pseudo_vB_PaeS_SCH_Ab26_NC_024381(1),PHAGE_Salmon_SJ46_NC_031129(1),PHAGE_Vibrio_pYD38_B_NC_021561(1),PHAGE_Burkho_Bcep176_NC_007497(1),PHAGE_Crocei_P2559S_NC_018276(1),PHAGE_Erwini_PEp14_NC_016767(1),PHAGE_Arthro_Lymara_NC_049471(1),PHAGE_Pseudo_H105/1_NC_015293(1),PHAGE_Salmon_9NA_NC_025443(1),PHAGE_Sulfit_pCB2047_A_NC_020858(1),PHAGE_Proteu_PM135_NC_042090(1),PHAGE_Proteu_Stubb_NC_048086(1),PHAGE_Vibrio_Ceto_NC_042094(1),PHAGE_Salmon_118970_sal3_NC_031940(1),PHAGE_Cyanop_KBS_S_2A_NC_020854(1),PHAGE_Sulfit_pCB2047_C_NC_020856(1),PHAGE_Pseudo_phiPSA1_NC_024365(1),PHAGE_Vibrio_Thalassa_NC_042095(1),PHAGE_Entero_P1_NC_005856(1),PHAGE_Entero_phiP27_NC_003356(1),PHAGE_Entero_phiEap_2_NC_028695(1),PHAGE_Cronob_ENT39118_NC_019934(1),PHAGE_Acinet_vB_AbaS_TRS1_NC_031098(1),PHAGE_Entero_mEpX1_NC_019709(1),PHAGE_Vibrio_X29_NC_024369(1),PHAGE_Mycoba_SG4_NC_023699(1),PHAGE_Raoult_RP180_NC_048181(1),PHAGE_Escher_VB_EcoS_Golestan_NC_042084(1),PHAGE_Mycoba_Dorothy_NC_041855(1),PHAGE_Escher_K1_dep(1)_NC_027994(1),PHAGE_Pseudo_MP1412_NC_018282(1),PHAGE_Salmon_ST64B_NC_004313(1),PHAGE_Ralsto_RSL1_NC_010811(1),PHAGE_Acinet_YMC11/11/R3177_NC_041866(1),PHAGE_Pseudo_vB_PaeS_PAO1_Ab18_NC_026594(1),PHAGE_Salmon_SPN1S_NC_016761(1),PHAGE_Rhizob_vB_RglS_P106B_NC_023566(1),PHAGE_Escher_slur01_NC_028831(1),PHAGE_Pseudo_PaMx42_NC_028879(1),PHAGE_Salmon_L13_NC_021317(1),PHAGE_Mycoba_Ksquared_NC_051732(1),PHAGE_Entero_CAjan_NC_028776(1),PHAGE_Salmon_vB_SenS_Sasha_NC_047786(1),PHAGE_Mycoba_Filuzino_NC_051657(1),PHAGE_Escher_K1_ind(2)_NC_041898(1),PHAGE_Burkho_BcepMigl_NC_019917(1)",4,10%,59.61%,"janth_29,GCA_013372065.1_1||1_partial_1,7850-65000/76790:4822-39478",janth_29,GCA_013372065.1_1||1_partial_1,7850-65000/76790:4822-39478,,,,,,,,,,,,,,,,,
janthino_NCBI_pha.fna,33,10.1Kb,incomplete,30,"capsid,integrase",0,15,10,5,100%,0,yes,9,"PHAGE_Vibrio_X29_NC_024369(2),PHAGE_Sinorh_phiLM21_NC_029046(2),PHAGE_Pseudo_PMG1_NC_016765(2),PHAGE_Pseudo_F116_NC_006552(2),PHAGE_Yersin_PY54_NC_005069(1),PHAGE_Vibrio_12A4_NC_021068(1),PHAGE_Escher_D108_NC_013594(1),PHAGE_Mycoba_OldBen_NC_051693(1),PHAGE_Pseudo_vB_PaeP_Tr60_Ab31_NC_023575(1),PHAGE_Mycoba_JoeyJr_NC_051669(1),PHAGE_Escher_phiV10_NC_007804(1),PHAGE_Entero_mEp213_NC_019720(1),PHAGE_Edward_GF_2_NC_026611(1),PHAGE_Mycoba_Polka14_NC_051700(1),PHAGE_Stx2_c_Stx2a_F451_NC_049924(1),PHAGE_Pseudo_phiPSA1_NC_024365(1),PHAGE_Acidov_ACP17_NC_041997(1),PHAGE_Shigel_Stx_NC_029120(1),PHAGE_Pseudo_H66_NC_042342(1),PHAGE_Pseudo_D3_NC_002484(1),PHAGE_Entero_Tyrion_NC_031077(1),PHAGE_Entero_933W_NC_000924(1),PHAGE_Pseudo_YMC11/02/R656_NC_028657(1),PHAGE_Entero_Mu_NC_000929(1),PHAGE_Escher_TL_2011b_NC_019445(1),PHAGE_Mannhe_vB_MhS_1152AP2_NC_028956(1),PHAGE_Vibrio_SHOU24_NC_023569(1),PHAGE_Salmon_SPN1S_NC_016761(1),PHAGE_Nitrin_1M3_16_NC_024217(1),PHAGE_Thalas_BA3_NC_009990(1),PHAGE_Burkho_phi1026b_NC_005284(1),PHAGE_Mycoba_BodEinwohner17_NC_051637(1),PHAGE_Vibrio_vB_VpaM_MAR_NC_019722(1),PHAGE_Ralsto_RSK1_NC_022915(1),PHAGE_Pseudo_AF_NC_019923(1),PHAGE_Escher_vB_EcoM_4HA13_NC_049466(1),PHAGE_Mannhe_vB_MhS_535AP2_NC_028853(1),PHAGE_Synech_S_TIP37_NC_048026(1),PHAGE_Pseudo_PS_1_NC_029066(1)",2,13.33%,62.78%,"janth_29,GCA_013372065.1_1||1_partial_1,7850-65000/76790:46966-57151",janth_29,GCA_013372065.1_1||1_partial_1,7850-65000/76790:46966-57151,,,,,,,,,,,,,,,,,
janthino_NCBI_pha.fna,34,15.5Kb,incomplete,60,"tail,integrase,transposase",0,19,10,9,100%,0,yes,8,"PHAGE_Burkho_phi52237_NC_007145(3),PHAGE_Burkho_phiE202_NC_009234(3),PHAGE_Burkho_KS5_NC_015265(2),PHAGE_Burkho_KL3_NC_015266(2),PHAGE_Ralsto_RsoM1USA_NC_049432(2),PHAGE_Shigel_SfIV_NC_022749(2),PHAGE_Burkho_AP3_NC_047752(2),PHAGE_Pseudo_phiCTX_NC_003278(1),PHAGE_Burkho_ST79_NC_021343(1),PHAGE_Salmon_Fels_1_NC_010391(1),PHAGE_Ralsto_RSY1_NC_025115(1),PHAGE_Anoxyb_A403_NC_048701(1),PHAGE_Salmon_SEN5_NC_028701(1),PHAGE_Entero_BP_4795_NC_004813(1),PHAGE_Burkho_phiE12_2_NC_009236(1),PHAGE_Ralsto_RSA1_NC_009382(1),PHAGE_Phage_Gifsy_2_NC_010393(1),PHAGE_Bordet_BPP_1_NC_005357(1),PHAGE_Clostr_phiCTC2B_NC_030951(1),PHAGE_Entero_YYZ_2008_NC_011356(1),PHAGE_Entero_phiP27_NC_003356(1),PHAGE_Clostr_phiCT453B_NC_029004(1),PHAGE_Clostr_phiCT19406B_NC_030947(1),PHAGE_Salmon_SEN4_NC_029015(1),PHAGE_Cronob_phiES15_NC_018454(1),PHAGE_Vibrio_K139_NC_003313(1),PHAGE_Deep_s_D6E_NC_019544(1),PHAGE_Entero_phiT5282H_NC_049429(1)",3,15.78%,55.80%,"janth_30,GCA_013372065.1_1||2_partial_1,1-37888/75511:1-15516",janth_30,GCA_013372065.1_1||2_partial_1,1-37888/75511:1-15516,,,,,,,,,,,,,,,,,
janthino_NCBI_pha.fna,35,22.3Kb,intact,140,"tail,plate,lysis,terminase,capsid",0,26,23,3,100%,0,no,13,"PHAGE_Burkho_KS14_NC_015273(9),PHAGE_Burkho_KL3_NC_015266(8),PHAGE_Burkho_phiE202_NC_009234(7),PHAGE_Ralsto_RsoM1USA_NC_049432(6),PHAGE_Burkho_phiE12_2_NC_009236(5),PHAGE_Ralsto_RSA1_NC_009382(5),PHAGE_Burkho_phi52237_NC_007145(5),PHAGE_Pseudo_Dobby_NC_048109(5),PHAGE_Burkho_AP3_NC_047752(4),PHAGE_Stenot_Smp131_NC_023588(4),PHAGE_Pseudo_phiCTX_NC_003278(4),PHAGE_Ralsto_RSY1_NC_025115(4),PHAGE_Salmon_RE_2010_NC_019488(3),PHAGE_Burkho_KS5_NC_015265(3),PHAGE_Burkho_ST79_NC_021343(3),PHAGE_Escher_500465_1_NC_049342(2),PHAGE_Klebsi_ST13_OXA48phi12.1_NC_049453(2),PHAGE_Salmon_Fels_2_NC_010463(2),PHAGE_Klebsi_ST15_OXA48phi14.1_NC_049454(2),PHAGE_Klebsi_4LV2017_NC_047818(2),PHAGE_Acidov_ACP17_NC_041997(1),PHAGE_Salmon_SEN4_NC_029015(1),PHAGE_Escher_vB_EcoM_ECO1230_10_NC_027995(1),PHAGE_Escher_vB_EcoM_ep3_NC_025430(1),PHAGE_Pseudo_Lana_NC_048166(1),PHAGE_Vibrio_VHML_NC_004456(1),PHAGE_Erwini_ENT90_NC_019932(1),PHAGE_Salmon_SEN8_NC_047753(1),PHAGE_Escher_P2_NC_041848(1),PHAGE_Escher_pro483_NC_028943(1),PHAGE_Klebsi_ST512_KPC3phi13.2_NC_049452(1),PHAGE_Escher_vB_EcoM_ECOO78_NC_041926(1),PHAGE_Burkho_Bcep22_NC_005262(1),PHAGE_Ralsto_RSL1_NC_010811(1),PHAGE_Vibrio_vB_VpaM_MAR_NC_019722(1),PHAGE_Klebsi_ST437_OXA245phi4.1_NC_049448(1),PHAGE_Burkho_DC1_NC_018452(1),PHAGE_Salmon_SEN5_NC_028701(1),PHAGE_Pseudo_PMBT3_NC_047902(1)",9,34.61%,62.48%,"janth_30,GCA_013372065.1_1||2_partial_1,1-37888/75511:15566-37888",janth_30,GCA_013372065.1_1||2_partial_1,1-37888/75511:15566-37888,,,,,,,,,,,,,,,,,
janthino_NCBI_pha.fna,36,39.5Kb,intact,150,"integrase,tail,plate,transposase,lysin",0,46,34,12,100%,0,yes,21,"PHAGE_Burkho_KL3_NC_015266(11),PHAGE_Ralsto_RSA1_NC_009382(9),PHAGE_Ralsto_RsoM1USA_NC_049432(9),PHAGE_Ralsto_RSY1_NC_025115(9),PHAGE_Burkho_phi52237_NC_007145(8),PHAGE_Burkho_KS14_NC_015273(8),PHAGE_Burkho_phiE202_NC_009234(7),PHAGE_Burkho_KS5_NC_015265(7),PHAGE_Burkho_AP3_NC_047752(6),PHAGE_Pseudo_Dobby_NC_048109(5),PHAGE_Stenot_Smp131_NC_023588(4),PHAGE_Burkho_phiE12_2_NC_009236(4),PHAGE_Pseudo_phiCTX_NC_003278(3),PHAGE_Burkho_ST79_NC_021343(3),PHAGE_Salmon_SEN8_NC_047753(3),PHAGE_Escher_500465_1_NC_049342(2),PHAGE_Salmon_RE_2010_NC_019488(2),PHAGE_Klebsi_ST13_OXA48phi12.1_NC_049453(2),PHAGE_Salmon_SEN5_NC_028701(2),PHAGE_Salmon_SEN4_NC_029015(2),PHAGE_Salmon_Fels_2_NC_010463(2),PHAGE_Klebsi_ST15_OXA48phi14.1_NC_049454(2),PHAGE_Klebsi_4LV2017_NC_047818(2),PHAGE_Pseudo_Lana_NC_048166(1),PHAGE_Entero_HK633_NC_019719(1),PHAGE_Escher_P2_NC_041848(1),PHAGE_Erwini_vB_EhrS_59_NC_048198(1),PHAGE_Pseudo_PS_1_NC_029066(1),PHAGE_Klebsi_ST512_KPC3phi13.2_NC_049452(1),PHAGE_Burkho_Bcep22_NC_005262(1),PHAGE_Burkho_DC1_NC_018452(1),PHAGE_Salmon_ST_101_NC_048648(1),PHAGE_Pseudo_PMBT3_NC_047902(1),PHAGE_Mycoba_Send513_NC_042033(1),PHAGE_Shigel_Sf6_NC_005344(1),PHAGE_Erwini_vB_EamP_S6_NC_019514(1),PHAGE_Erwini_phiEt88_NC_015295(1),PHAGE_Mycoba_Eureka_NC_041850(1),PHAGE_Erwini_vB_EhrS_49_NC_048197(1),PHAGE_Escher_pro483_NC_028943(1),PHAGE_Pseudo_MP1412_NC_018282(1),PHAGE_Salmon_FSLSP088_NC_021780(1),PHAGE_Pseudo_YuA_NC_010116(1),PHAGE_Salmon_KFS_SE1_NC_048683(1),PHAGE_Escher_TL_2011b_NC_019445(1),PHAGE_Salmon_BP12C_NC_031228(1),PHAGE_Acinet_YMC11/11/R3177_NC_041866(1),PHAGE_Staphy_phiPV83_NC_002486(1),PHAGE_Entero_IME10_NC_019501(1),PHAGE_Klebsi_ST437_OXA245phi4.1_NC_049448(1),PHAGE_Acidov_ACP17_NC_041997(1),PHAGE_Acinet_Bphi_B1251_NC_019541(1),PHAGE_Salmon_FSLSP030_NC_021779(1),PHAGE_Mycoba_Papyrus_NC_022053(1),PHAGE_Entero_phiT5282H_NC_049429(1),PHAGE_Burkho_BcepSaruman_NC_049850(1),PHAGE_Klebsi_Seifer_NC_048732(1),PHAGE_Mycoba_Dusk_NC_029079(1),PHAGE_Rhodof_P26218_NC_029061(1),PHAGE_Burkho_BcepSauron_NC_049851(1),PHAGE_Mycoba_Kenuha5_NC_051671(1)",11,23.91%,59.02%,"janth_31,GCA_013372065.1_1||3_partial_1,1-49020/61963:2284-41880",janth_31,GCA_013372065.1_1||3_partial_1,1-49020/61963:2284-41880,,,,,,,,,,,,,,,,,
janthino_NCBI_pha.fna,37,14.5Kb,incomplete,20,tail,0,14,9,5,100%,0,yes,8,"PHAGE_Pseudo_YMC11/07/P54_PAE_BP_NC_030909(3),PHAGE_Pseudo_PMG1_NC_016765(2),PHAGE_Pseudo_F116_NC_006552(2),PHAGE_Mycoba_BodEinwohner17_NC_051637(1),PHAGE_Burkho_DC1_NC_018452(1),PHAGE_Burkho_BcepMigl_NC_019917(1),PHAGE_Mycoba_Myrna_NC_011273(1),PHAGE_Pseudo_PMBT3_NC_047902(1),PHAGE_Pseudo_JBD44_NC_030929(1),PHAGE_Arthro_Judy_NC_048095(1),PHAGE_Burkho_Bcep22_NC_005262(1),PHAGE_Arthro_Maja_NC_048140(1),PHAGE_Pectob_ZF40_NC_019522(1),PHAGE_Mycoba_Gaia_NC_026590(1),PHAGE_Mycoba_DS6A_NC_023744(1),PHAGE_Arthro_Abidatro_NC_042002(1),PHAGE_Arthro_Constance_NC_048092(1),PHAGE_Vibrio_X29_NC_024369(1),PHAGE_Sinorh_phiLM21_NC_029046(1),PHAGE_Acinet_vB_AbaS_TRS1_NC_031098(1),PHAGE_Salmon_SJ46_NC_031129(1),PHAGE_Burkho_vB_BmuP_KL4_NC_047958(1),PHAGE_Mycoba_OldBen_NC_051693(1),PHAGE_Arthro_Bridgette_NC_048091(1),PHAGE_Mycoba_JoeyJr_NC_051669(1),PHAGE_Pseudo_D3_NC_002484(1),PHAGE_Pseudo_YMC11/02/R656_NC_028657(1),PHAGE_Mycoba_Mufasa_NC_028759(1),PHAGE_Pseudo_phi297_NC_016762(1),PHAGE_Mycoba_Courthouse_NC_023690(1),PHAGE_Pseudo_phiPSA1_NC_024365(1),PHAGE_Burkho_BcepIL02_NC_012743(1),PHAGE_Acinet_phiAC_1_NC_028995(1)",2,21.42%,60.49%,"janth_33,GCA_017356645.1_1||0_partial_1,1-42764/62117:1941-16514",janth_33,GCA_017356645.1_1||0_partial_1,1-42764/62117:1941-16514,,,,,,,,,,,,,,,,,
janthino_NCBI_pha.fna,38,14.8Kb,incomplete,30,tail,0,16,12,4,100%,0,no,5,"PHAGE_Burkho_Bcep176_NC_007497(8),PHAGE_Brucel_BiPBO1_NC_031264(4),PHAGE_Entero_YYZ_2008_NC_011356(3),PHAGE_Xantho_phiL7_NC_012742(3),PHAGE_Entero_BP_4795_NC_004813(2),PHAGE_Salmon_118970_sal3_NC_031940(2),PHAGE_Entero_mEp235_NC_019708(2),PHAGE_Stx2_c_1717_NC_011357(2),PHAGE_Bacill_phi105_NC_048631(1),PHAGE_Shigel_SfIV_NC_022749(1),PHAGE_Cronob_ENT39118_NC_019934(1),PHAGE_Pseudo_PMG1_NC_016765(1),PHAGE_Vibrio_pYD38_B_NC_021561(1),PHAGE_Entero_mEp390_NC_019721(1),PHAGE_Liston_phiHSIC_NC_006953(1),PHAGE_Pseudo_JBD93_NC_030918(1),PHAGE_Entero_SfV_NC_003444(1),PHAGE_Salico_CGphi29_NC_020844(1),PHAGE_Pantoe_vB_PagS_Vid5_NC_042120(1),PHAGE_Xantho_CP1_NC_019933(1),PHAGE_Pseudo_PAJU2_NC_011373(1),PHAGE_Burkho_phi1026b_NC_005284(1),PHAGE_Staphy_187_NC_007047(1),PHAGE_Escher_ECP1_NC_049926(1),PHAGE_Mannhe_vB_MhS_1152AP2_NC_028956(1),PHAGE_Strept_mu1/6_NC_007967(1),PHAGE_Salmon_ST64B_NC_004313(1),PHAGE_Clostr_phiCD6356_NC_015262(1),PHAGE_Bacill_phi105_NC_004167(1)",8,50%,62.27%,"janth_33,GCA_017356645.1_1||0_partial_1,1-42764/62117:16413-31270",janth_33,GCA_017356645.1_1||0_partial_1,1-42764/62117:16413-31270,,,,,,,,,,,,,,,,,
janthino_NCBI_pha.fna,39,19.8Kb,incomplete,30,"tail,integrase",0,11,6,5,100%,0,yes,6,"PHAGE_Acinet_vB_AbaM_ME3_NC_041884(2),PHAGE_Salmon_PVP_SE1_NC_016071(2),PHAGE_Altero_vB_AmaP_AD45_P1_NC_021532(1),PHAGE_Pseudo_phiPMW_NC_041880(1),PHAGE_Salmon_vB_SosS_Oslo_NC_018279(1),PHAGE_Salmon_SSE_121_NC_027351(1),PHAGE_Proteu_PM135_NC_042090(1),PHAGE_Klebsi_vB_KpnM_BIS47_NC_048656(1),PHAGE_Campyl_CP21_NC_019507(1),PHAGE_Klebsi_vB_KpnS_Domnhall_NC_049835(1),PHAGE_Vibrio_Ceto_NC_042094(1),PHAGE_Escher_TL_2011b_NC_019445(1),PHAGE_Pseudo_DMS3_NC_008717(1),PHAGE_Pseudo_phiPSA1_NC_024365(1),PHAGE_Burkho_BcepC6B_NC_005887(1),PHAGE_Pseudo_JBD93_NC_030918(1),PHAGE_Pseudo_JBD24_NC_020203(1),PHAGE_Klebsi_vB_KpnS_Alina_NC_049837(1),PHAGE_Pseudo_JBD88a_NC_020200(1),PHAGE_Escher_phiV10_NC_007804(1),PHAGE_Vibrio_Thalassa_NC_042095(1),PHAGE_Klebsi_vB_KpnS_IMGroot_NC_049834(1),PHAGE_Klebsi_NJS1_NC_048024(1),PHAGE_Klebsi_NJS2_NC_048043(1)",1,18.18%,61.54%,"janth_33,GCA_017356645.1_1||0_partial_1,1-42764/62117:21616-41423",janth_33,GCA_017356645.1_1||0_partial_1,1-42764/62117:21616-41423,,,,,,,,,,,,,,,,,
janthino_NCBI_pha.fna,40,33.7Kb,intact,150,"integrase,tail,plate,lysin,terminase,capsid,portal",0,44,31,13,100%,0,yes,18,"PHAGE_Burkho_KL3_NC_015266(10),PHAGE_Burkho_KS14_NC_015273(9),PHAGE_Ralsto_RSA1_NC_009382(9),PHAGE_Ralsto_RsoM1USA_NC_049432(9),PHAGE_Burkho_phiE202_NC_009234(8),PHAGE_Ralsto_RSY1_NC_025115(7),PHAGE_Burkho_phi52237_NC_007145(5),PHAGE_Pseudo_Dobby_NC_048109(5),PHAGE_Burkho_AP3_NC_047752(5),PHAGE_Burkho_KS5_NC_015265(5),PHAGE_Burkho_phiE12_2_NC_009236(5),PHAGE_Pseudo_phiCTX_NC_003278(4),PHAGE_Salmon_Fels_2_NC_010463(4),PHAGE_Salmon_RE_2010_NC_019488(3),PHAGE_Burkho_ST79_NC_021343(3),PHAGE_Stenot_Smp131_NC_023588(3),PHAGE_Salmon_SEN8_NC_047753(3),PHAGE_Escher_500465_1_NC_049342(2),PHAGE_Klebsi_ST13_OXA48phi12.1_NC_049453(2),PHAGE_Erwini_ENT90_NC_019932(2),PHAGE_Klebsi_4LV2017_NC_047818(2),PHAGE_Salmon_SEN4_NC_029015(2),PHAGE_Salmon_SEN5_NC_028701(2),PHAGE_Salmon_SEN1_NC_029003(1),PHAGE_Escher_vB_EcoM_ECO1230_10_NC_027995(1),PHAGE_Erwini_vB_EamP_S6_NC_019514(1),PHAGE_Burkho_Bcep22_NC_005262(1),PHAGE_Salmon_vB_SemP_Emek_NC_018275(1),PHAGE_Burkho_DC1_NC_018452(1),PHAGE_Vibrio_vB_VpaM_MAR_NC_019722(1),PHAGE_Pseudo_PMBT3_NC_047902(1),PHAGE_Vibrio_VHML_NC_004456(1),PHAGE_Pseudo_Lana_NC_048166(1),PHAGE_Escher_P2_NC_041848(1),PHAGE_Klebsi_ST512_KPC3phi13.2_NC_049452(1),PHAGE_Klebsi_ST15_OXA48phi14.1_NC_049454(1),PHAGE_Salmon_g341c_NC_013059(1),PHAGE_Rhodof_P26218_NC_029061(1),PHAGE_Acinet_Bphi_B1251_NC_019541(1),PHAGE_Burkho_phiE255_NC_009237(1),PHAGE_Klebsi_Seifer_NC_048732(1),PHAGE_Entero_phiT5282H_NC_049429(1),PHAGE_Acinet_YMC11/11/R3177_NC_041866(1),PHAGE_Ralsto_RSL1_NC_010811(1),PHAGE_Klebsi_ST437_OXA245phi4.1_NC_049448(1),PHAGE_Escher_520873_NC_049344(1),PHAGE_Oenoco_phi9805_NC_023559(1),PHAGE_Escher_pro483_NC_028943(1),PHAGE_Pseudo_M6_NC_007809(1),PHAGE_Pseudo_MP1412_NC_018282(1),PHAGE_Pseudo_YuA_NC_010116(1),PHAGE_Escher_vB_EcoM_ECOO78_NC_041926(1)",9,22.72%,59.72%,"janth_34,GCA_018138675.1_12||0_partial_1,1-33760/57204:1-33760",janth_34,GCA_018138675.1_12||0_partial_1,1-33760/57204:1-33760,,,,,,,,,,,,,,,,,
janthino_NCBI_pha.fna,41,33Kb,intact,150,"tail,plate,virion,capsid,head,portal",0,42,30,12,100%,0,no,22,"PHAGE_Salmon_118970_sal3_NC_031940(8),PHAGE_Entero_SfV_NC_003444(7),PHAGE_Shigel_SfIV_NC_022749(7),PHAGE_Entero_SfI_NC_027339(6),PHAGE_Shigel_SfII_NC_021857(5),PHAGE_Xylell_Salvo_NC_042345(3),PHAGE_Burkho_phiE125_NC_003309(3),PHAGE_Salmon_ST64B_NC_004313(3),PHAGE_Burkho_phi1026b_NC_005284(3),PHAGE_Salmon_PVP_SE1_NC_016071(2),PHAGE_Burkho_AH2_NC_018283(2),PHAGE_Burkho_KS9_NC_013055(2),PHAGE_Vibrio_X29_NC_024369(2),PHAGE_Cronob_ENT39118_NC_019934(2),PHAGE_Escher_D108_NC_013594(2),PHAGE_Entero_phiP27_NC_003356(2),PHAGE_Escher_vB_EcoM_ECOO78_NC_041926(2),PHAGE_Klebsi_phiKO2_NC_005857(2),PHAGE_Escher_vB_EcoM_ECO1230_10_NC_027995(2),PHAGE_Pseudo_JBD93_NC_030918(2),PHAGE_Phage_Gifsy_1_NC_010392(2),PHAGE_Entero_SfMu_NC_027382(2),PHAGE_Salmon_vB_SosS_Oslo_NC_018279(2),PHAGE_Xylell_Sano_NC_042344(2),PHAGE_Entero_Mu_NC_000929(2),PHAGE_Pseudo_JBD88a_NC_020200(1),PHAGE_Bacter_Lily_NC_028841(1),PHAGE_Pseudo_phiPSA1_NC_024365(1),PHAGE_Burkho_AP3_NC_047752(1),PHAGE_Burkho_phiE255_NC_009237(1),PHAGE_Staphy_47_NC_007054(1),PHAGE_Faecal_FP_Toutatis_NC_047915(1),PHAGE_Staphy_phi2958PVL_NC_011344(1),PHAGE_Entero_cdtI_NC_009514(1),PHAGE_Entero_P1_NC_005856(1),PHAGE_Escher_vB_EcoM_ep3_NC_025430(1),PHAGE_Pseudo_B3_NC_006548(1),PHAGE_Salmon_35_NC_048632(1),PHAGE_Clostr_phiCT453A_NC_028991(1),PHAGE_Burkho_BcepMu_NC_005882(1),PHAGE_Staphy_StauST398_2_NC_021323(1),PHAGE_Salmon_FSLSP088_NC_021780(1),PHAGE_Salmon_SSE_121_NC_027351(1),PHAGE_Loktan_pCB2051_A_NC_020853(1),PHAGE_Stenot_S1_NC_011589(1),PHAGE_Burkho_phi6442_NC_009235(1),PHAGE_Entero_CAjan_NC_028776(1),PHAGE_Pseudo_JBD44_NC_030929(1),PHAGE_Pseudo_F10_NC_007805(1),PHAGE_Salmon_BP12C_NC_031228(1),PHAGE_Entero_phiFL4A_NC_013644(1),PHAGE_Pseudo_JBD24_NC_020203(1),PHAGE_Pseudo_D3_NC_002484(1),PHAGE_Rhodob_RcRhea_NC_028954(1),PHAGE_Entero_Arya_NC_031048(1),PHAGE_Achrom_phiAxp_2_NC_029106(1),PHAGE_Burkho_BcepNazgul_NC_005091(1),PHAGE_Escher_HK639_NC_016158(1),PHAGE_Salmon_37_NC_029045(1),PHAGE_Escher_Seurat_NC_027378(1),PHAGE_Bacill_SPbeta_NC_001884(1),PHAGE_Pseudo_PMG1_NC_016765(1),PHAGE_Rhodob_RcCronus_NC_042049(1),PHAGE_Entero_mEp460_NC_019716(1),PHAGE_Pseudo_D3112_NC_005178(1),PHAGE_Vibrio_VP882_NC_009016(1),PHAGE_Rueger_DSS3_P1_NC_025428(1),PHAGE_Provid_Redjac_NC_018832(1),PHAGE_Bordet_vB_BbrM_PHB04_NC_047861(1),PHAGE_Cronob_vB_CsaM_GAP31_NC_019400(1)",7,19.04%,58.10%,"janth_37,GCA_020208155.1_11||0_partial_1,1-33043/56439:1-33043",janth_37,GCA_020208155.1_11||0_partial_1,1-33043/56439:1-33043,,,,,,,,,,,,,,,,,
janthino_NCBI_pha.fna,42,29.3Kb,intact,150,"tail,capsid,lysis,plate",0,40,30,10,100%,0,no,16,"PHAGE_Burkho_KS14_NC_015273(10),PHAGE_Burkho_KL3_NC_015266(10),PHAGE_Ralsto_RsoM1USA_NC_049432(9),PHAGE_Ralsto_RSY1_NC_025115(8),PHAGE_Ralsto_RSA1_NC_009382(8),PHAGE_Burkho_phiE202_NC_009234(7),PHAGE_Burkho_AP3_NC_047752(6),PHAGE_Pseudo_phiCTX_NC_003278(5),PHAGE_Burkho_phi52237_NC_007145(5),PHAGE_Pseudo_Dobby_NC_048109(5),PHAGE_Burkho_KS5_NC_015265(5),PHAGE_Escher_500465_1_NC_049342(4),PHAGE_Burkho_phiE12_2_NC_009236(4),PHAGE_Burkho_ST79_NC_021343(3),PHAGE_Stenot_Smp131_NC_023588(3),PHAGE_Salmon_Fels_2_NC_010463(3),PHAGE_Salmon_RE_2010_NC_019488(2),PHAGE_Klebsi_ST13_OXA48phi12.1_NC_049453(2),PHAGE_Klebsi_ST15_OXA48phi14.1_NC_049454(2),PHAGE_Klebsi_4LV2017_NC_047818(2),PHAGE_Salmon_SEN8_NC_047753(2),PHAGE_Escher_pro483_NC_028943(2),PHAGE_Entero_186_NC_001317(1),PHAGE_Escher_vB_EcoM_ECO1230_10_NC_027995(1),PHAGE_Vibrio_VP58.5_NC_027981(1),PHAGE_Burkho_Bcep22_NC_005262(1),PHAGE_Pseudo_PMBT3_NC_047902(1),PHAGE_Burkho_DC1_NC_018452(1),PHAGE_Vibrio_vB_VpaM_MAR_NC_019722(1),PHAGE_Salmon_SP_004_NC_021774(1),PHAGE_Escher_500465_2_NC_049343(1),PHAGE_Erwini_ENT90_NC_019932(1),PHAGE_Vibrio_VHML_NC_004456(1),PHAGE_Pseudo_Lana_NC_048166(1),PHAGE_Klebsi_ST512_KPC3phi13.2_NC_049452(1),PHAGE_Escher_P2_NC_041848(1),PHAGE_Escher_vB_EcoM_ep3_NC_025430(1),PHAGE_Burkho_phiE125_NC_003309(1),PHAGE_Klebsi_ST147_VIM1phi7.1_NC_049451(1),PHAGE_Salmon_SEN4_NC_029015(1),PHAGE_Entero_phiT5282H_NC_049429(1),PHAGE_Burkho_KS9_NC_013055(1),PHAGE_Salmon_SEN5_NC_028701(1),PHAGE_Burkho_phi1026b_NC_005284(1),PHAGE_Klebsi_ST437_OXA245phi4.1_NC_049448(1),PHAGE_Burkho_phi6442_NC_009235(1),PHAGE_Escher_vB_EcoM_ECOO78_NC_041926(1),PHAGE_Erwini_EtG_NC_047833(1)",10,25%,61.25%,"janth_39,GCA_020208155.1_42||0_partial_1,1-30509/61655:779-30127",janth_39,GCA_020208155.1_42||0_partial_1,1-30509/61655:779-30127,,,,,,,,,,,,,,,,,
janthino_NCBI_pha.fna,43,39.2Kb,incomplete,50,"integrase,tail",0,16,11,5,100%,0,yes,10,"PHAGE_Pseudo_phiPSA1_NC_024365(2),PHAGE_Pseudo_F116_NC_006552(2),PHAGE_Acidov_ACP17_NC_041997(2),PHAGE_Pseudo_F10_NC_007805(2),PHAGE_Mannhe_vB_MhS_1152AP2_NC_028956(2),PHAGE_Ralsto_RSK1_NC_022915(2),PHAGE_Yersin_PY54_NC_005069(1),PHAGE_Vibrio_12A4_NC_021068(1),PHAGE_Mannhe_vB_MhS_587AP2_NC_028743(1),PHAGE_Escher_phiV10_NC_007804(1),PHAGE_Pseudo_vB_PaeP_Tr60_Ab31_NC_023575(1),PHAGE_Entero_mEp213_NC_019720(1),PHAGE_Edward_GF_2_NC_026611(1),PHAGE_Pseudo_PMG1_NC_016765(1),PHAGE_Sinorh_phiLM21_NC_029046(1),PHAGE_Caulob_Sansa_NC_047756(1),PHAGE_Entero_mEpX2_NC_019705(1),PHAGE_Pseudo_H66_NC_042342(1),PHAGE_Entero_HK140_NC_019710(1),PHAGE_Entero_Tyrion_NC_031077(1),PHAGE_Escher_TL_2011b_NC_019445(1),PHAGE_Erwini_vB_EamM_Y2_NC_019504(1),PHAGE_Nitrin_1M3_16_NC_024217(1),PHAGE_Thalas_BA3_NC_009990(1),PHAGE_Salmon_SPN1S_NC_016761(1),PHAGE_Vibrio_SHOU24_NC_023569(1),PHAGE_Xantho_XcP1_NC_048147(1),PHAGE_Ralsto_RSL1_NC_010811(1),PHAGE_Xantho_Carpasina_NC_047962(1),PHAGE_Vibrio_vB_VpaM_MAR_NC_019722(1),PHAGE_Erwini_PEp14_NC_016767(1),PHAGE_Pseudo_AF_NC_019923(1),PHAGE_Mannhe_vB_MhS_535AP2_NC_028853(1),PHAGE_Burkho_KL3_NC_015266(1),PHAGE_Pseudo_PS_1_NC_029066(1),PHAGE_Xylell_Xfas53_NC_013599(1)",2,12.50%,60.33%,"janth_41,GCA_023509035.1_1||0_partial_1,10823-95706/133018:9504-48795",janth_41,GCA_023509035.1_1||0_partial_1,10823-95706/133018:9504-48795,,,,,,,,,,,,,,,,,
janthino_NCBI_pha.fna,44,8Kb,incomplete,20,transposase,0,8,7,1,100%,0,no,4,"PHAGE_Pseudo_YMC11/02/R656_NC_028657(4),PHAGE_Pseudo_PS_1_NC_029066(3),PHAGE_Escher_HK639_NC_016158(3),PHAGE_Pectob_ZF40_NC_019522(2),PHAGE_Pseudo_JBD44_NC_030929(2),PHAGE_Pseudo_PaMx25_NC_041953(1),PHAGE_Klebsi_vB_KpnM_KpV52_NC_041900(1),PHAGE_Rhizob_16_3_NC_011103(1),PHAGE_Pseudo_PaMx74_NC_028809(1),PHAGE_Salico_CGphi29_NC_020844(1),PHAGE_Salmon_vB_SosS_Oslo_NC_018279(1),PHAGE_Pseudo_phiPSA1_NC_024365(1),PHAGE_Pseudo_PaMx28_NC_028931(1),PHAGE_Acinet_Bphi_B1251_NC_019541(1),PHAGE_Vibrio_vB_VchM_138_NC_019518(1),PHAGE_Verruc_P8625_NC_029047(1),PHAGE_Pseudo_nickie_NC_042091(1),PHAGE_Vibrio_SSP002_NC_041910(1),PHAGE_Acinet_YMC11/11/R3177_NC_041866(1),PHAGE_Pseudo_NP1_NC_031058(1),PHAGE_Rhizob_RHEph10_NC_034248(1),PHAGE_Rhizob_vB_RglS_P106B_NC_023566(1),PHAGE_Idioma_Phi1M2_2_NC_025471(1)",3,50%,57.90%,"janth_41,GCA_023509035.1_1||0_partial_1,10823-95706/133018:58467-66516",janth_41,GCA_023509035.1_1||0_partial_1,10823-95706/133018:58467-66516,,,,,,,,,,,,,,,,,
janthino_NCBI_pha.fna,45,22.6Kb,intact,150,"tail,capsid,terminase,lysis,plate,lysin",0,28,26,2,100%,0,no,13,"PHAGE_Burkho_KS14_NC_015273(10),PHAGE_Ralsto_RsoM1USA_NC_049432(7),PHAGE_Pseudo_Dobby_NC_048109(7),PHAGE_Ralsto_RSA1_NC_009382(6),PHAGE_Burkho_KL3_NC_015266(6),PHAGE_Ralsto_RSY1_NC_025115(5),PHAGE_Pseudo_phiCTX_NC_003278(5),PHAGE_Burkho_phiE202_NC_009234(5),PHAGE_Klebsi_ST13_OXA48phi12.1_NC_049453(4),PHAGE_Escher_500465_1_NC_049342(4),PHAGE_Burkho_KS5_NC_015265(4),PHAGE_Burkho_AP3_NC_047752(4),PHAGE_Stenot_Smp131_NC_023588(3),PHAGE_Burkho_phi52237_NC_007145(3),PHAGE_Salmon_RE_2010_NC_019488(3),PHAGE_Burkho_phiE12_2_NC_009236(3),PHAGE_Salmon_SEN8_NC_047753(3),PHAGE_Salmon_Fels_2_NC_010463(3),PHAGE_Klebsi_ST512_KPC3phi13.2_NC_049452(2),PHAGE_Escher_pro483_NC_028943(2),PHAGE_Klebsi_ST437_OXA245phi4.1_NC_049448(2),PHAGE_Klebsi_4LV2017_NC_047818(2),PHAGE_Klebsi_ST15_OXA48phi14.1_NC_049454(2),PHAGE_Escher_P2_NC_041848(1),PHAGE_Salmon_SW9_NC_049459(1),PHAGE_Vibrio_VHML_NC_004456(1),PHAGE_Pseudo_Lana_NC_048166(1),PHAGE_Erwini_ENT90_NC_019932(1),PHAGE_Entero_UAB_Phi20_NC_031019(1),PHAGE_Burkho_DC1_NC_018452(1),PHAGE_Vibrio_vB_VpaM_MAR_NC_019722(1),PHAGE_Pseudo_PMBT3_NC_047902(1),PHAGE_Burkho_Bcep22_NC_005262(1),PHAGE_Vibrio_VP58.5_NC_027981(1),PHAGE_Burkho_ST79_NC_021343(1),PHAGE_Escher_vB_EcoM_ECO1230_10_NC_027995(1),PHAGE_Erwini_EtG_NC_047833(1),PHAGE_Escher_vB_EcoM_ECOO78_NC_041926(1),PHAGE_Salmon_118970_sal4_NC_030919(1),PHAGE_Salmon_SEN5_NC_028701(1),PHAGE_Ralsto_RSL1_NC_010811(1),PHAGE_Salmon_SEN4_NC_029015(1),PHAGE_Salmon_103203_sal5_NC_031946(1),PHAGE_Escher_vB_EcoM_ep3_NC_025430(1)",10,35.71%,62.33%,"janth_42,GCA_023509035.1_1||1_partial_1,1-40592/64322:5319-27979",janth_42,GCA_023509035.1_1||1_partial_1,1-40592/64322:5319-27979,,,,,,,,,,,,,,,,,
janthino_NCBI_pha.fna,46,21.9Kb,intact,130,"tail,portal,lysin,plate",0,27,23,4,100%,0,no,11,"PHAGE_Burkho_KS14_NC_015273(10),PHAGE_Pseudo_Dobby_NC_048109(7),PHAGE_Ralsto_RsoM1USA_NC_049432(6),PHAGE_Ralsto_RSA1_NC_009382(6),PHAGE_Ralsto_RSY1_NC_025115(6),PHAGE_Burkho_KL3_NC_015266(5),PHAGE_Pseudo_phiCTX_NC_003278(5),PHAGE_Burkho_phiE202_NC_009234(5),PHAGE_Stenot_Smp131_NC_023588(3),PHAGE_Burkho_phi52237_NC_007145(3),PHAGE_Salmon_SEN8_NC_047753(3),PHAGE_Burkho_phiE12_2_NC_009236(3),PHAGE_Burkho_ST79_NC_021343(3),PHAGE_Burkho_KS5_NC_015265(3),PHAGE_Klebsi_ST13_OXA48phi12.1_NC_049453(3),PHAGE_Burkho_AP3_NC_047752(3),PHAGE_Escher_500465_1_NC_049342(3),PHAGE_Klebsi_4LV2017_NC_047818(3),PHAGE_Salmon_Fels_2_NC_010463(3),PHAGE_Erwini_ENT90_NC_019932(2),PHAGE_Salmon_RE_2010_NC_019488(2),PHAGE_Klebsi_ST15_OXA48phi14.1_NC_049454(2),PHAGE_Pseudo_PS_1_NC_029066(1),PHAGE_Klebsi_ST512_KPC3phi13.2_NC_049452(1),PHAGE_Escher_vB_EcoM_ECOO78_NC_041926(1),PHAGE_Escher_pro483_NC_028943(1),PHAGE_Escher_P2_NC_041848(1),PHAGE_Pseudo_Lana_NC_048166(1),PHAGE_Pseudo_PMBT3_NC_047902(1),PHAGE_Klebsi_ST437_OXA245phi4.1_NC_049448(1),PHAGE_Burkho_DC1_NC_018452(1),PHAGE_Acinet_YMC11/11/R3177_NC_041866(1),PHAGE_Burkho_Bcep22_NC_005262(1),PHAGE_Burkho_BcepSaruman_NC_049850(1),PHAGE_Klebsi_Seifer_NC_048732(1),PHAGE_Erwini_vB_EamP_S6_NC_019514(1),PHAGE_Escher_vB_EcoM_ECO1230_10_NC_027995(1),PHAGE_Acinet_Bphi_B1251_NC_019541(1),PHAGE_Burkho_BcepSauron_NC_049851(1),PHAGE_Rhodof_P26218_NC_029061(1),PHAGE_Escher_vB_EcoM_ep3_NC_025430(1)",10,37.03%,62.97%,"janth_50,GCA_900451225.1_4||0_partial_1,3844-33380/64642:890-22828",janth_50,GCA_900451225.1_4||0_partial_1,3844-33380/64642:890-22828,,,,,,,,,,,,,,,,,